{"stats":{"minecraft:picked_up":{"minecraft:crafting_table":10,"minecraft:chainmail_boots":1,"minecraft:chicken":6,"minecraft:clay_ball":4,"born_in_chaos_v1:seedof_chaos":1,"minecraft:brown_mushroom":1,"minecraft:wooden_pickaxe":1,"tombstone:grave_key":1,"minecraft:raw_copper":5,"minecraft:cobbled_deepslate":98,"minecraft:iron_pickaxe":1,"minecraft:sugar_cane":16,"ecologics:crab_claw":1,"minecraft:furnace":6,"minecraft:stick":1,"minecraft:raw_iron":64,"ecologics:coconut_slice":22,"minecraft:torch":12,"minecraft:acacia_log":2,"farmersdelight:tomato_seeds":3,"minecraft:diorite":19,"born_in_chaos_v1:pieceofdarkmetal":4,"twilightforest:magic_beans":1,"born_in_chaos_v1:fried_maggot":3,"minecraft:rotten_flesh":15,"minecraft:beetroot_seeds":6,"alexsmobs:kangaroo_meat":4,"minecraft:cobblestone":214,"born_in_chaos_v1:fused_bone":2,"minecraft:birch_log":4,"born_in_chaos_v1:corpse_maggot":6,"minecraft:feather":8,"minecraft:andesite":7,"luminousworld:ishstone":31,"minecraft:oak_log":9,"luminousworld:raw_venison":2,"supplementaries:flax_seeds":4,"minecraft:gunpowder":1,"minecraft:lapis_lazuli":40,"farmersdelight:tomato":4,"minecraft:dirt":43,"minecraft:bone":5,"minecraft:wheat_seeds":1,"minecraft:raw_gold":4,"minecraft:iron_ingot":1,"tombstone:bag_of_seeds":1,"minecraft:iron_sword":1,"minecraft:oak_planks":6,"luminousworld:sunset_petunias":1,"minecraft:torchflower_seeds":3,"minecraft:gravel":6,"ecologics:coconut_husk":2,"minecraft:bundle":2,"minecraft:pumpkin_seeds":3,"alexsmobs:kangaroo_hide":7,"minecraft:diamond":42,"minecraft:stone_axe":1,"minecraft:granite":16,"minecraft:coal":135,"iceandfire:raw_silver":2},"minecraft:custom":{"minecraft:mob_kills":49,"minecraft:interact_with_crafting_table":22,"minecraft:leave_game":5,"minecraft:time_since_death":41932,"minecraft:climb_one_cm":757,"minecraft:sprint_one_cm":207884,"minecraft:walk_one_cm":221562,"minecraft:damage_blocked_by_shield":315,"minecraft:drop":44,"minecraft:play_time":89449,"minecraft:deaths":7,"minecraft:sneak_time":23578,"minecraft:walk_under_water_one_cm":2197,"minecraft:jump":1660,"minecraft:walk_on_water_one_cm":6654,"minecraft:total_world_time":89449,"minecraft:interact_with_furnace":49,"minecraft:time_since_rest":39533,"minecraft:damage_taken":1600,"minecraft:damage_dealt":6433,"minecraft:swim_one_cm":32201,"minecraft:fly_one_cm":240167,"minecraft:crouch_one_cm":69315,"tombstone:undead_killed":15,"minecraft:fall_one_cm":38657},"minecraft:mined":{"minecraft:tuff":23,"iceandfire:silver_ore":2,"luminousworld:grassvariant_4":6,"minecraft:deepslate_diamond_ore":42,"minecraft:jungle_leaves":1,"minecraft:granite":16,"minecraft:acacia_log":2,"luminousworld:mossbuds_2":1,"minecraft:grass_block":10,"luminousworld:grassvariant_2":1,"luminousworld:savanna_grass_2":2,"luminousworld:sunset_petunias":2,"minecraft:furnace":6,"minecraft:iron_ore":33,"minecraft:cobbled_deepslate":2,"minecraft:andesite":8,"minecraft:deepslate_iron_ore":14,"minecraft:stone":199,"luminousworld:birchtreemushrooms":1,"minecraft:clay":1,"minecraft:crafting_table":11,"minecraft:copper_ore":1,"minecraft:cobblestone":1,"minecraft:lapis_ore":6,"minecraft:deepslate_gold_ore":6,"minecraft:sugar_cane":9,"minecraft:oak_planks":6,"minecraft:diorite":19,"minecraft:wall_torch":13,"supplementaries:urn":2,"farmersdelight:wild_beetroots":3,"minecraft:birch_log":4,"minecraft:birch_leaves":3,"minecraft:grass":4,"ecologics:hanging_coconut":2,"minecraft:oak_log":10,"minecraft:coal_ore":30,"luminousworld:ishstone":32,"luminousworld:yellow_birch_leaves":1,"minecraft:gravel":6,"minecraft:dirt":32,"luminousworld:savannah_grass_4":1,"minecraft:oak_leaves":26,"minecraft:deepslate":367,"minecraft:fern":1},"minecraft:broken":{"minecraft:iron_pickaxe":1},"minecraft:crafted":{"minecraft:oak_planks":32,"minecraft:cooked_chicken":5,"minecraft:furnace":1,"minecraft:bone_meal":27,"minecraft:diamond_helmet":1,"minecraft:diamond_leggings":1,"born_in_chaos_v1:fried_maggot":3,"minecraft:stone_pickaxe":1,"ecologics:crab_meat":1,"minecraft:wooden_shovel":1,"minecraft:diamond_sword":1,"minecraft:crafting_table":2,"minecraft:wooden_pickaxe":2,"alexsmobs:cooked_kangaroo_meat":4,"minecraft:iron_sword":1,"minecraft:bucket":1,"minecraft:birch_planks":16,"minecraft:stone_axe":2,"minecraft:air":0,"minecraft:wooden_hoe":1,"minecraft:iron_chestplate":1,"minecraft:diamond_pickaxe":1,"minecraft:shield":1,"minecraft:stick":28,"minecraft:iron_ingot":27,"minecraft:iron_pickaxe":2,"minecraft:wooden_axe":1,"minecraft:acacia_planks":8,"minecraft:torch":8},"minecraft:dropped":{"iceandfire:raw_silver":2,"minecraft:iron_sword":1,"luminousworld:sunset_petunias":1,"minecraft:brown_mushroom":1,"luminousworld:ishstone":31,"minecraft:cobblestone":62,"minecraft:granite":11,"born_in_chaos_v1:pieceofdarkmetal":4,"minecraft:dirt":11,"minecraft:diorite":3,"tombstone:grave_key":3,"minecraft:wooden_axe":1,"minecraft:iron_pickaxe":1,"minecraft:gravel":6,"minecraft:stone_axe":1,"minecraft:cobbled_deepslate":3,"minecraft:cocoa_beans":1,"tombstone:gift":1,"minecraft:experience_bottle":1,"minecraft:clay_ball":4,"minecraft:torchflower_seeds":3,"minecraft:pumpkin_seeds":3,"alexsmobs:kangaroo_hide":2,"supplementaries:flax_seeds":4,"minecraft:gunpowder":1,"minecraft:bundle":2,"minecraft:beetroot_seeds":6,"ecologics:coconut_husk":8,"minecraft:wooden_shovel":1,"minecraft:wooden_pickaxe":2,"minecraft:stone_pickaxe":1},"minecraft:killed":{"luminousworld:swallowtail":1,"luminousworld:fawn":1,"enemyexpansion:direwolf":3,"born_in_chaos_v1:siamese_skeletonsright":1,"undead_revamp2:theswarmer":1,"born_in_chaos_v1:maggot":2,"minecraft:chicken":6,"ecologics:coconut_crab":3,"undead_revamp2:sucker":1,"luminousworld:savannah_zombie":1,"alexsmobs:kangaroo":3,"enemyexpansion:vampflyer":1,"born_in_chaos_v1:fallen_chaos_knight":1,"earthmobsmod:skeleton_wolf":1,"alexsmobs:seal":3,"earthmobsmod:lobber_zombie":1,"enemyexpansion:sprinter":1,"born_in_chaos_v1:decrepit_skeleton":1,"luminousworld:crab":4,"born_in_chaos_v1:zombie_fisherman":1,"minecraft:zombie":2,"enemyexpansion:vampire":1,"born_in_chaos_v1:corpse_fly":5,"alexsmobs:crow":1,"born_in_chaos_v1:siamese_skeletonsleft":1,"enemyexpansion:wasp":1},"minecraft:used":{"minecraft:shield":9,"minecraft:iron_sword":109,"born_in_chaos_v1:fried_maggot":6,"minecraft:rotten_flesh":9,"minecraft:torch":20,"minecraft:dirt":13,"alexsmobs:cooked_kangaroo_meat":2,"minecraft:granite":5,"minecraft:wooden_axe":6,"farmersdelight:tomato":4,"minecraft:grass_block":1,"minecraft:furnace":6,"tombstone:gift":2,"farmersdelight:tomato_seeds":3,"minecraft:cobbled_deepslate":97,"minecraft:water_bucket":6,"minecraft:diorite":16,"minecraft:birch_planks":3,"minecraft:stone_pickaxe":34,"minecraft:oak_planks":16,"minecraft:wooden_pickaxe":26,"minecraft:crafting_table":11,"tombstone:bag_of_seeds":2,"minecraft:wooden_hoe":1,"minecraft:diamond_pickaxe":373,"minecraft:iron_pickaxe":408,"ecologics:coconut_slice":22,"minecraft:stone_axe":16,"minecraft:diamond_sword":90,"minecraft:cobblestone":126,"minecraft:andesite":7,"minecraft:bucket":7,"alexsmobs:animal_dictionary":1,"minecraft:bone_meal":11,"minecraft:experience_bottle":4},"minecraft:killed_by":{"minecraft:player":1,"born_in_chaos_v1:corpse_fly":1,"enemyexpansion:direwolf":1}},"DataVersion":3465}