{"stats":{"minecraft:picked_up":{"minecraft:birch_log":3,"born_in_chaos_v1:corpse_maggot":3,"minecraft:crafting_table":5,"minecraft:chainmail_boots":1,"luminousworld:ishstone":27,"minecraft:oak_log":9,"tombstone:grave_key":1,"minecraft:gunpowder":1,"minecraft:dirt":11,"minecraft:raw_copper":5,"minecraft:bone":1,"minecraft:sugar_cane":6,"minecraft:oak_planks":4,"minecraft:furnace":3,"minecraft:raw_iron":17,"minecraft:rotten_flesh":6,"minecraft:granite":9,"minecraft:coal":78,"iceandfire:raw_silver":1,"minecraft:cobblestone":88},"minecraft:mined":{"iceandfire:silver_ore":1,"luminousworld:grassvariant_4":3,"minecraft:crafting_table":5,"minecraft:granite":9,"luminousworld:mossbuds_2":1,"minecraft:grass_block":6,"minecraft:copper_ore":1,"minecraft:cobblestone":1,"minecraft:sugar_cane":5,"minecraft:oak_planks":4,"minecraft:furnace":3,"minecraft:birch_log":3,"minecraft:iron_ore":18,"minecraft:birch_leaves":1,"minecraft:oak_log":10,"minecraft:coal_ore":28,"luminousworld:ishstone":30,"minecraft:dirt":7,"minecraft:stone":86,"minecraft:oak_leaves":2},"minecraft:custom":{"minecraft:interact_with_furnace":26,"minecraft:mob_kills":10,"minecraft:interact_with_crafting_table":11,"minecraft:leave_game":2,"minecraft:time_since_death":17146,"minecraft:time_since_rest":16943,"minecraft:sprint_one_cm":23041,"minecraft:damage_taken":446,"minecraft:walk_one_cm":37825,"minecraft:drop":9,"minecraft:damage_dealt":1076,"minecraft:swim_one_cm":1030,"minecraft:fly_one_cm":36291,"minecraft:crouch_one_cm":16533,"minecraft:deaths":4,"minecraft:play_time":31235,"tombstone:undead_killed":4,"minecraft:sneak_time":6712,"minecraft:walk_under_water_one_cm":469,"minecraft:jump":259,"minecraft:walk_on_water_one_cm":1446,"minecraft:total_world_time":31235,"minecraft:fall_one_cm":7981},"minecraft:crafted":{"minecraft:oak_planks":32,"minecraft:crafting_table":1,"minecraft:wooden_pickaxe":2,"minecraft:iron_sword":1,"minecraft:furnace":1,"minecraft:birch_planks":12,"minecraft:stone_axe":2,"minecraft:air":0,"minecraft:iron_chestplate":1,"minecraft:shield":1,"born_in_chaos_v1:fried_maggot":3,"minecraft:stick":20,"minecraft:iron_ingot":17,"minecraft:iron_pickaxe":1,"minecraft:stone_pickaxe":1,"minecraft:wooden_axe":1,"minecraft:torch":8},"minecraft:dropped":{"luminousworld:ishstone":27,"minecraft:experience_bottle":1,"tombstone:gift":1,"minecraft:dirt":1,"tombstone:grave_key":3,"minecraft:wooden_axe":1,"minecraft:wooden_pickaxe":1},"minecraft:killed":{"enemyexpansion:sprinter":1,"undead_revamp2:theswarmer":1,"born_in_chaos_v1:corpse_fly":4,"undead_revamp2:sucker":1,"enemyexpansion:vampflyer":1,"enemyexpansion:wasp":1},"minecraft:used":{"minecraft:stone_pickaxe":31,"minecraft:oak_planks":6,"minecraft:wooden_pickaxe":25,"minecraft:iron_sword":18,"born_in_chaos_v1:fried_maggot":3,"minecraft:rotten_flesh":6,"minecraft:torch":1,"minecraft:dirt":3,"minecraft:crafting_table":5,"minecraft:wooden_axe":6,"minecraft:grass_block":1,"minecraft:iron_pickaxe":124,"minecraft:stone_axe":7,"minecraft:cobblestone":44,"minecraft:furnace":3,"alexsmobs:animal_dictionary":1,"minecraft:experience_bottle":4},"minecraft:killed_by":{"minecraft:player":1}},"DataVersion":3465}