{"stats":{"minecraft:picked_up":{"minecraft:birch_log":3,"minecraft:crafting_table":3,"minecraft:oak_log":9,"tombstone:grave_key":1,"minecraft:dirt":10,"minecraft:rotten_flesh":2,"minecraft:sugar_cane":6,"minecraft:oak_planks":4,"minecraft:coal":5,"minecraft:cobblestone":24},"minecraft:mined":{"luminousworld:grassvariant_4":3,"minecraft:birch_log":3,"minecraft:birch_leaves":1,"minecraft:crafting_table":3,"luminousworld:mossbuds_2":1,"minecraft:coal_ore":5,"minecraft:grass_block":6,"minecraft:oak_log":10,"minecraft:dirt":6,"minecraft:stone":20,"minecraft:oak_planks":4,"minecraft:sugar_cane":5,"minecraft:oak_leaves":2},"minecraft:custom":{"minecraft:time_since_rest":4943,"minecraft:sprint_one_cm":21800,"minecraft:damage_taken":123,"minecraft:walk_one_cm":23174,"minecraft:mob_kills":1,"minecraft:drop":5,"minecraft:damage_dealt":103,"minecraft:swim_one_cm":1030,"minecraft:interact_with_crafting_table":4,"minecraft:fly_one_cm":34461,"minecraft:crouch_one_cm":2764,"minecraft:play_time":19235,"tombstone:undead_killed":1,"minecraft:deaths":4,"minecraft:sneak_time":1939,"minecraft:walk_under_water_one_cm":469,"minecraft:jump":189,"minecraft:leave_game":2,"minecraft:walk_on_water_one_cm":325,"minecraft:time_since_death":5146,"minecraft:total_world_time":19235,"minecraft:fall_one_cm":6959},"minecraft:crafted":{"minecraft:oak_planks":32,"minecraft:crafting_table":1,"minecraft:stick":16,"minecraft:wooden_pickaxe":2,"minecraft:stone_pickaxe":1,"minecraft:wooden_axe":1,"minecraft:birch_planks":12,"minecraft:stone_axe":2},"minecraft:dropped":{"tombstone:grave_key":3,"tombstone:gift":1,"minecraft:experience_bottle":1},"minecraft:killed":{"enemyexpansion:sprinter":1},"minecraft:used":{"minecraft:wooden_axe":6,"minecraft:grass_block":1,"minecraft:oak_planks":6,"minecraft:wooden_pickaxe":25,"minecraft:stone_axe":1,"minecraft:dirt":3,"minecraft:crafting_table":3,"alexsmobs:animal_dictionary":1,"minecraft:experience_bottle":4},"minecraft:killed_by":{"minecraft:player":1}},"DataVersion":3465}