{"stats":{"minecraft:picked_up":{"minecraft:crafting_table":9,"minecraft:chainmail_boots":1,"minecraft:chicken":4,"minecraft:clay_ball":4,"born_in_chaos_v1:seedof_chaos":1,"minecraft:brown_mushroom":1,"tombstone:grave_key":1,"minecraft:raw_copper":5,"minecraft:cobbled_deepslate":98,"minecraft:iron_pickaxe":1,"minecraft:sugar_cane":16,"ecologics:crab_claw":1,"minecraft:furnace":5,"minecraft:raw_iron":47,"ecologics:coconut_slice":22,"minecraft:torch":12,"minecraft:diorite":19,"born_in_chaos_v1:pieceofdarkmetal":4,"born_in_chaos_v1:fried_maggot":3,"minecraft:rotten_flesh":15,"minecraft:beetroot_seeds":6,"alexsmobs:kangaroo_meat":2,"minecraft:cobblestone":178,"born_in_chaos_v1:fused_bone":2,"minecraft:birch_log":4,"born_in_chaos_v1:corpse_maggot":6,"minecraft:feather":6,"minecraft:andesite":7,"luminousworld:ishstone":29,"minecraft:oak_log":9,"supplementaries:flax_seeds":4,"minecraft:gunpowder":1,"minecraft:lapis_lazuli":40,"minecraft:dirt":29,"minecraft:bone":5,"minecraft:raw_gold":4,"minecraft:iron_ingot":1,"tombstone:bag_of_seeds":1,"minecraft:oak_planks":6,"minecraft:iron_sword":1,"luminousworld:sunset_petunias":1,"minecraft:gravel":6,"alexsmobs:kangaroo_hide":5,"minecraft:bundle":2,"minecraft:diamond":42,"minecraft:granite":16,"iceandfire:raw_silver":2,"minecraft:coal":118},"minecraft:custom":{"minecraft:mob_kills":44,"minecraft:interact_with_crafting_table":19,"minecraft:leave_game":4,"minecraft:time_since_death":32400,"minecraft:sprint_one_cm":175527,"minecraft:walk_one_cm":204177,"minecraft:damage_blocked_by_shield":315,"minecraft:drop":28,"minecraft:play_time":79917,"minecraft:deaths":7,"minecraft:sneak_time":22760,"minecraft:walk_under_water_one_cm":2197,"minecraft:jump":1450,"minecraft:walk_on_water_one_cm":6524,"minecraft:total_world_time":79917,"minecraft:interact_with_furnace":44,"minecraft:time_since_rest":30001,"minecraft:damage_taken":1401,"minecraft:damage_dealt":5756,"minecraft:swim_one_cm":32201,"minecraft:fly_one_cm":198350,"minecraft:crouch_one_cm":68122,"tombstone:undead_killed":14,"minecraft:fall_one_cm":29592},"minecraft:mined":{"minecraft:tuff":23,"iceandfire:silver_ore":2,"luminousworld:grassvariant_4":6,"minecraft:deepslate_diamond_ore":42,"minecraft:granite":16,"luminousworld:mossbuds_2":1,"minecraft:grass_block":9,"luminousworld:grassvariant_2":1,"luminousworld:sunset_petunias":1,"minecraft:furnace":5,"minecraft:iron_ore":33,"minecraft:cobbled_deepslate":2,"minecraft:andesite":8,"minecraft:deepslate_iron_ore":14,"minecraft:stone":193,"luminousworld:birchtreemushrooms":1,"minecraft:crafting_table":10,"minecraft:clay":1,"minecraft:cobblestone":1,"minecraft:copper_ore":1,"minecraft:lapis_ore":6,"minecraft:deepslate_gold_ore":6,"minecraft:oak_planks":6,"minecraft:sugar_cane":9,"minecraft:diorite":19,"minecraft:wall_torch":13,"supplementaries:urn":2,"farmersdelight:wild_beetroots":3,"minecraft:birch_log":4,"minecraft:birch_leaves":3,"minecraft:grass":3,"ecologics:hanging_coconut":2,"minecraft:coal_ore":30,"minecraft:oak_log":10,"luminousworld:ishstone":32,"luminousworld:yellow_birch_leaves":1,"minecraft:gravel":6,"minecraft:dirt":19,"minecraft:oak_leaves":14,"minecraft:deepslate":367,"minecraft:fern":1},"minecraft:broken":{"minecraft:iron_pickaxe":1},"minecraft:crafted":{"minecraft:oak_planks":32,"minecraft:cooked_chicken":2,"minecraft:furnace":1,"minecraft:diamond_helmet":1,"minecraft:diamond_leggings":1,"born_in_chaos_v1:fried_maggot":3,"minecraft:stone_pickaxe":1,"minecraft:diamond_sword":1,"minecraft:crafting_table":2,"minecraft:wooden_pickaxe":2,"alexsmobs:cooked_kangaroo_meat":1,"minecraft:iron_sword":1,"minecraft:bucket":1,"minecraft:birch_planks":16,"minecraft:stone_axe":2,"minecraft:air":0,"minecraft:iron_chestplate":1,"minecraft:diamond_pickaxe":1,"minecraft:shield":1,"minecraft:stick":24,"minecraft:iron_ingot":24,"minecraft:iron_pickaxe":2,"minecraft:wooden_axe":1,"minecraft:torch":8},"minecraft:dropped":{"minecraft:iron_sword":1,"luminousworld:sunset_petunias":1,"luminousworld:ishstone":29,"minecraft:cobblestone":31,"minecraft:granite":11,"born_in_chaos_v1:pieceofdarkmetal":4,"minecraft:dirt":11,"minecraft:diorite":3,"tombstone:grave_key":3,"minecraft:wooden_axe":1,"minecraft:iron_pickaxe":1,"minecraft:gravel":6,"minecraft:cobbled_deepslate":3,"tombstone:gift":1,"minecraft:experience_bottle":1,"minecraft:clay_ball":4,"alexsmobs:kangaroo_hide":2,"supplementaries:flax_seeds":4,"minecraft:gunpowder":1,"minecraft:bundle":1,"minecraft:beetroot_seeds":3,"minecraft:wooden_pickaxe":1},"minecraft:killed":{"luminousworld:swallowtail":1,"enemyexpansion:direwolf":3,"born_in_chaos_v1:siamese_skeletonsright":1,"undead_revamp2:theswarmer":1,"born_in_chaos_v1:maggot":2,"minecraft:chicken":4,"ecologics:coconut_crab":3,"undead_revamp2:sucker":1,"alexsmobs:kangaroo":2,"enemyexpansion:vampflyer":1,"born_in_chaos_v1:fallen_chaos_knight":1,"earthmobsmod:skeleton_wolf":1,"alexsmobs:seal":3,"earthmobsmod:lobber_zombie":1,"enemyexpansion:sprinter":1,"born_in_chaos_v1:decrepit_skeleton":1,"luminousworld:crab":4,"born_in_chaos_v1:zombie_fisherman":1,"minecraft:zombie":2,"enemyexpansion:vampire":1,"born_in_chaos_v1:corpse_fly":5,"alexsmobs:crow":1,"born_in_chaos_v1:siamese_skeletonsleft":1,"enemyexpansion:wasp":1},"minecraft:used":{"minecraft:shield":9,"minecraft:iron_sword":109,"born_in_chaos_v1:fried_maggot":6,"minecraft:rotten_flesh":9,"minecraft:torch":20,"minecraft:dirt":12,"alexsmobs:cooked_kangaroo_meat":1,"minecraft:granite":5,"minecraft:wooden_axe":6,"minecraft:grass_block":1,"minecraft:furnace":6,"tombstone:gift":2,"minecraft:cobbled_deepslate":97,"minecraft:water_bucket":4,"minecraft:diorite":16,"minecraft:birch_planks":3,"minecraft:stone_pickaxe":34,"minecraft:oak_planks":16,"minecraft:wooden_pickaxe":26,"minecraft:crafting_table":10,"minecraft:diamond_pickaxe":373,"minecraft:iron_pickaxe":394,"minecraft:stone_axe":15,"ecologics:coconut_slice":16,"minecraft:diamond_sword":71,"minecraft:cobblestone":126,"minecraft:bucket":5,"minecraft:andesite":7,"alexsmobs:animal_dictionary":1,"minecraft:experience_bottle":4},"minecraft:killed_by":{"minecraft:player":1,"born_in_chaos_v1:corpse_fly":1,"enemyexpansion:direwolf":1}},"DataVersion":3465}