{"stats":{"minecraft:mined":{"luminousworld:white_petunias":1,"minecraft:dark_oak_planks":4,"luminousworld:yellowpetunias":1,"alexsmobs:leafcutter_anthill":1,"minecraft:jungle_leaves":1,"minecraft:obsidian":4,"minecraft:granite":16,"minecraft:acacia_log":2,"minecraft:grass_block":16,"luminousworld:savanna_grass_2":2,"minecraft:red_nether_brick_stairs":2,"minecraft:iron_ore":33,"minecraft:cobbled_deepslate":2,"iceandfire:gold_pile":6,"minecraft:oak_stairs":1,"minecraft:stripped_mangrove_wood":6,"minecraft:iron_block":1,"minecraft:tripwire":2,"luminousworld:birchtreemushrooms":1,"minecraft:clay":1,"minecraft:calcite":3,"minecraft:melon":2,"minecraft:cobblestone":10,"minecraft:sugar_cane":9,"minecraft:oak_planks":11,"minecraft:wall_torch":13,"minecraft:birch_log":4,"minecraft:wheat":34,"minecraft:waxed_oxidized_cut_copper_stairs":1,"minecraft:grass":14,"minecraft:oak_log":23,"luminousworld:yellow_birch_leaves":1,"minecraft:dirt":42,"luminousworld:grassvariant_3":1,"luminousworld:savannah_grass_4":1,"minecraft:oak_leaves":33,"minecraft:deepslate":367,"minecraft:dark_prismarine":1,"minecraft:tuff":23,"iceandfire:silver_ore":2,"minecraft:deepslate_diamond_ore":42,"luminousworld:grassvariant_4":6,"minecraft:ladder":2,"luminousworld:mossbuds_2":1,"alexsmobs:leafcutter_ant_chamber":2,"luminousworld:grassvariant_2":1,"minecraft:hay_block":11,"luminousworld:sunset_petunias":2,"minecraft:furnace":7,"minecraft:andesite":8,"luminousworld:mossbuds_3":1,"minecraft:warped_wall_sign":1,"minecraft:bookshelf":10,"minecraft:deepslate_iron_ore":14,"minecraft:vine":1,"minecraft:smooth_quartz_stairs":2,"minecraft:stone":206,"minecraft:redstone_block":1,"minecraft:oak_fence":1,"minecraft:crafting_table":13,"minecraft:campfire":8,"minecraft:tall_grass":5,"minecraft:copper_ore":1,"minecraft:lapis_ore":6,"minecraft:deepslate_gold_ore":6,"minecraft:diorite":19,"supplementaries:urn":2,"farmersdelight:wild_beetroots":3,"minecraft:white_carpet":1,"minecraft:birch_leaves":3,"minecraft:yellow_bed":2,"minecraft:mangrove_slab":1,"minecraft:coal_ore":30,"luminousworld:ishstone":32,"ecologics:hanging_coconut":2,"minecraft:cyan_carpet":1,"minecraft:gravel":6,"minecraft:cobweb":17,"minecraft:stone_bricks":1,"minecraft:fern":2},"minecraft:used":{"minecraft:shield":18,"minecraft:iron_sword":109,"minecraft:rotten_flesh":9,"farmersdelight:tomato":4,"minecraft:grass_block":1,"minecraft:scaffolding":1,"minecraft:furnace":7,"minecraft:diorite":16,"minecraft:stone_pickaxe":34,"minecraft:oak_planks":30,"minecraft:wooden_pickaxe":26,"minecraft:melon_slice":7,"minecraft:string":2,"ecologics:coconut_slice":22,"minecraft:diamond_sword":405,"minecraft:smithing_table":1,"minecraft:andesite":7,"minecraft:bone_meal":11,"minecraft:experience_bottle":5,"born_in_chaos_v1:fried_maggot":6,"minecraft:cooked_chicken":4,"minecraft:torch":20,"minecraft:dirt":14,"alexsmobs:cooked_kangaroo_meat":2,"minecraft:granite":5,"minecraft:wooden_axe":6,"minecraft:dark_oak_planks":2,"minecraft:iron_axe":7,"tombstone:gift":4,"minecraft:cooked_beef":3,"farmersdelight:tomato_seeds":3,"minecraft:cobbled_deepslate":97,"minecraft:water_bucket":28,"minecraft:birch_planks":3,"minecraft:crafting_table":13,"tombstone:bag_of_seeds":2,"minecraft:wooden_hoe":1,"minecraft:diamond_pickaxe":406,"minecraft:iron_pickaxe":416,"minecraft:stone_axe":51,"minecraft:cobblestone":126,"minecraft:cooked_porkchop":14,"minecraft:bucket":29,"minecraft:yellow_bed":1,"alexsmobs:animal_dictionary":1},"minecraft:broken":{"minecraft:iron_pickaxe":1},"minecraft:custom":{"minecraft:interact_with_crafting_table":44,"minecraft:eat_cake_slice":3,"minecraft:leave_game":7,"minecraft:time_since_death":2656,"minecraft:sprint_one_cm":366090,"minecraft:damage_blocked_by_shield":795,"minecraft:drop":80,"minecraft:talked_to_villager":10,"minecraft:play_time":145104,"minecraft:deaths":10,"minecraft:jump":2847,"minecraft:walk_on_water_one_cm":18949,"minecraft:interact_with_furnace":110,"minecraft:damage_dealt":18844,"minecraft:crouch_one_cm":81002,"tombstone:undead_killed":44,"minecraft:interact_with_smithing_table":4,"minecraft:mob_kills":113,"minecraft:damage_dealt_resisted":21,"minecraft:climb_one_cm":4082,"minecraft:walk_one_cm":410402,"minecraft:sneak_time":27414,"minecraft:walk_under_water_one_cm":11279,"minecraft:total_world_time":145104,"tombstone:raider_killed":2,"minecraft:pot_flower":1,"minecraft:time_since_rest":536,"minecraft:damage_taken":4107,"minecraft:swim_one_cm":67848,"minecraft:fly_one_cm":477893,"minecraft:open_chest":6,"minecraft:fall_one_cm":77451},"minecraft:killed":{"minecraft:witch":1,"born_in_chaos_v1:restless_spirit":1,"luminousworld:fawn":1,"luminousworld:frost_bitten_skeleton":1,"born_in_chaos_v1:siamese_skeletonsright":1,"undead_revamp2:theswarmer":2,"minecraft:skeleton":3,"alexsmobs:leafcutter_ant":4,"minecraft:chicken":6,"ecologics:coconut_crab":3,"alexsmobs:kangaroo":3,"enemyexpansion:vampflyer":1,"minecraft:pig":11,"alexsmobs:seal":3,"earthmobsmod:lobber_zombie":2,"luminousworld:crab":4,"born_in_chaos_v1:zombie_fisherman":1,"minecraft:zombie":9,"enemyexpansion:vampire":1,"born_in_chaos_v1:corpse_fly":5,"enemyexpansion:wasp":1,"born_in_chaos_v1:siamese_skeletonsleft":1,"luminousworld:frostbitten_zombie":2,"alexsmobs:raccoon":1,"minecraft:vindicator":1,"luminousworld:swallowtail":1,"enemyexpansion:direwolf":3,"born_in_chaos_v1:maggot":9,"creeperoverhaul:snowy_creeper":2,"undead_revamp2:sucker":1,"luminousworld:savannah_zombie":1,"born_in_chaos_v1:fallen_chaos_knight":1,"minecraft:husk":5,"earthmobsmod:skeleton_wolf":1,"undead_revamp2:the_moonflower":1,"enemyexpansion:sprinter":2,"earthmobsmod:umbra_cow":3,"born_in_chaos_v1:decrepit_skeleton":3,"iceandfire:ghost":5,"born_in_chaos_v1:dark_vortex":1,"alexsmobs:crow":1},"minecraft:dropped":{"minecraft:iron_sword":1,"iceandfire:raw_silver":2,"minecraft:brown_mushroom":1,"minecraft:stripped_mangrove_wood":5,"iceandfire:ectoplasm":1,"born_in_chaos_v1:pieceofdarkmetal":4,"minecraft:dirt":38,"minecraft:gold_nugget":18,"minecraft:iron_pickaxe":2,"minecraft:mangrove_slab":1,"minecraft:gravel":6,"minecraft:stone_axe":3,"minecraft:sugar_cane":16,"minecraft:cooked_chicken":1,"minecraft:cobbled_deepslate":3,"tombstone:gift":1,"minecraft:rotten_flesh":2,"alexsmobs:kangaroo_hide":3,"supplementaries:flax_seeds":4,"supplementaries:ash":1,"minecraft:gunpowder":1,"minecraft:beetroot_seeds":6,"ecologics:coconut_husk":8,"iceandfire:bestiary":1,"iceandfire:manuscript":4,"luminousworld:sunset_petunias":1,"luminousworld:ishstone":31,"minecraft:waxed_oxidized_cut_copper_stairs":1,"minecraft:feather":8,"minecraft:cobblestone":110,"minecraft:granite":11,"minecraft:stick":3,"minecraft:diorite":3,"minecraft:wooden_hoe":1,"tombstone:grave_key":3,"minecraft:wooden_axe":1,"minecraft:string":12,"minecraft:acacia_planks":3,"minecraft:raw_copper":5,"minecraft:cocoa_beans":1,"minecraft:experience_bottle":1,"minecraft:clay_ball":4,"sophisticatedbackpacks:backpack":1,"minecraft:torchflower_seeds":3,"minecraft:pumpkin_seeds":3,"minecraft:bundle":2,"minecraft:diamond_pickaxe":1,"minecraft:wooden_shovel":1,"minecraft:stone_pickaxe":1,"minecraft:wooden_pickaxe":3,"minecraft:dark_prismarine":1,"minecraft:black_wool":1},"minecraft:crafted":{"minecraft:oak_planks":84,"minecraft:cooked_chicken":5,"sophisticatedbackpacks:crafting_upgrade":1,"minecraft:cooked_mutton":3,"minecraft:diamond_helmet":1,"minecraft:diamond_leggings":1,"minecraft:wooden_shovel":1,"sophisticatedbackpacks:backpack":1,"minecraft:cooked_porkchop":21,"minecraft:crafting_table":4,"minecraft:wooden_pickaxe":2,"minecraft:smithing_table":1,"minecraft:birch_planks":16,"sophisticatedbackpacks:upgrade_base":1,"minecraft:wooden_hoe":1,"minecraft:iron_chestplate":1,"minecraft:diamond_pickaxe":1,"minecraft:shield":1,"minecraft:stick":28,"quark:oak_chest":2,"minecraft:iron_ingot":53,"minecraft:iron_pickaxe":2,"minecraft:compass":1,"minecraft:gold_ingot":2,"minecraft:redstone":9,"minecraft:furnace":1,"minecraft:bone_meal":27,"minecraft:leather":5,"minecraft:iron_axe":1,"born_in_chaos_v1:fried_maggot":3,"minecraft:stone_pickaxe":1,"minecraft:diamond_boots":1,"luminousworld:cooked_venison":2,"minecraft:wheat":99,"ecologics:crab_meat":1,"sophisticatedbackpacks:iron_backpack":1,"minecraft:cooked_beef":3,"ironchest:wood_to_iron_chest_upgrade":1,"minecraft:diamond_sword":1,"alexsmobs:cooked_kangaroo_meat":4,"minecraft:iron_sword":1,"minecraft:bucket":1,"minecraft:stone_axe":2,"minecraft:bread":8,"minecraft:air":0,"minecraft:wooden_axe":1,"minecraft:acacia_planks":8,"minecraft:torch":8,"minecraft:diamond_chestplate":1},"minecraft:picked_up":{"minecraft:wheat":24,"minecraft:chainmail_boots":1,"minecraft:redstone_block":1,"tombstone:grave_key":1,"iceandfire:manuscript":4,"minecraft:string":30,"minecraft:raw_copper":5,"minecraft:experience_bottle":2,"minecraft:gold_nugget":36,"minecraft:cobbled_deepslate":98,"minecraft:bucket":2,"minecraft:iron_pickaxe":2,"minecraft:melon_slice":10,"minecraft:smooth_quartz_stairs":2,"ecologics:crab_claw":1,"minecraft:furnace":7,"minecraft:stick":4,"minecraft:oak_fence":1,"minecraft:torch":12,"minecraft:acacia_log":2,"minecraft:porkchop":23,"tombstone:grave_dust":3,"minecraft:diorite":19,"born_in_chaos_v1:fried_maggot":3,"minecraft:rotten_flesh":22,"minecraft:iron_block":1,"supplementaries:ash":1,"minecraft:obsidian":4,"minecraft:cobblestone":258,"minecraft:birch_log":4,"minecraft:feather":16,"minecraft:andesite":7,"minecraft:potato":1,"luminousworld:raw_venison":2,"supplementaries:flax_seeds":4,"minecraft:mangrove_slab":2,"minecraft:lapis_lazuli":40,"farmersdelight:tomato":4,"minecraft:dirt":59,"minecraft:bone":10,"minecraft:wheat_seeds":2,"minecraft:raw_gold":4,"minecraft:oak_planks":11,"ecologics:coconut_husk":2,"minecraft:dark_prismarine":2,"minecraft:bundle":2,"alexsmobs:kangaroo_hide":7,"minecraft:diamond":42,"minecraft:granite":16,"minecraft:bread":2,"iceandfire:raw_silver":2,"minecraft:diamond_pickaxe":1,"minecraft:charcoal":16,"minecraft:crafting_table":12,"minecraft:chicken":12,"minecraft:clay_ball":4,"born_in_chaos_v1:seedof_chaos":1,"minecraft:brown_mushroom":1,"minecraft:wooden_pickaxe":1,"minecraft:cooked_rabbit":1,"minecraft:item_frame":2,"minecraft:beef":11,"minecraft:sugar_cane":32,"minecraft:raw_iron":64,"minecraft:stripped_mangrove_wood":5,"ecologics:coconut_slice":22,"sophisticatedbackpacks:backpack":1,"farmersdelight:tomato_seeds":3,"minecraft:cookie":5,"born_in_chaos_v1:pieceofdarkmetal":4,"minecraft:dark_oak_planks":2,"twilightforest:magic_beans":1,"minecraft:arrow":2,"minecraft:beetroot_seeds":6,"minecraft:hay_block":11,"minecraft:waxed_oxidized_cut_copper_stairs":2,"minecraft:mutton":6,"alexsmobs:kangaroo_meat":4,"born_in_chaos_v1:fused_bone":2,"born_in_chaos_v1:corpse_maggot":8,"luminousworld:ishstone":31,"minecraft:leather":1,"minecraft:oak_log":22,"iceandfire:ectoplasm":1,"minecraft:yellow_bed":1,"minecraft:gunpowder":1,"minecraft:cooked_mutton":2,"minecraft:red_nether_brick_stairs":2,"minecraft:iron_ingot":3,"minecraft:cooked_chicken":1,"tombstone:bag_of_seeds":1,"minecraft:iron_sword":1,"minecraft:book":30,"born_in_chaos_v1:ethereal_spirit":3,"minecraft:torchflower_seeds":3,"luminousworld:sunset_petunias":1,"minecraft:gravel":6,"born_in_chaos_v1:dark_rod":2,"minecraft:pumpkin_seeds":3,"minecraft:stone_axe":3,"tombstone:magic_scroll":1,"minecraft:black_wool":1,"minecraft:coal":135},"minecraft:killed_by":{"born_in_chaos_v1:corpse_fly":1,"minecraft:vindicator":1,"minecraft:player":1,"enemyexpansion:direwolf":1}},"DataVersion":3465}