{"stats":{"minecraft:picked_up":{"born_in_chaos_v1:fused_bone":2,"minecraft:birch_log":3,"born_in_chaos_v1:corpse_maggot":6,"minecraft:crafting_table":8,"minecraft:clay_ball":4,"minecraft:feather":1,"minecraft:chainmail_boots":1,"minecraft:andesite":7,"born_in_chaos_v1:seedof_chaos":1,"luminousworld:ishstone":29,"minecraft:brown_mushroom":1,"supplementaries:flax_seeds":2,"minecraft:oak_log":9,"tombstone:grave_key":1,"minecraft:gunpowder":1,"minecraft:lapis_lazuli":40,"minecraft:dirt":25,"minecraft:raw_copper":5,"minecraft:bone":5,"minecraft:cobbled_deepslate":98,"minecraft:raw_gold":4,"minecraft:iron_ingot":1,"tombstone:bag_of_seeds":1,"minecraft:iron_pickaxe":1,"minecraft:iron_sword":1,"minecraft:sugar_cane":6,"minecraft:oak_planks":6,"minecraft:furnace":5,"minecraft:raw_iron":43,"minecraft:torch":12,"minecraft:gravel":6,"luminousworld:sunset_petunias":1,"minecraft:diorite":19,"born_in_chaos_v1:pieceofdarkmetal":4,"minecraft:bundle":1,"born_in_chaos_v1:fried_maggot":3,"minecraft:rotten_flesh":15,"minecraft:diamond":42,"minecraft:granite":16,"minecraft:coal":118,"iceandfire:raw_silver":2,"minecraft:cobblestone":168},"minecraft:mined":{"minecraft:tuff":23,"iceandfire:silver_ore":2,"minecraft:deepslate_diamond_ore":42,"luminousworld:grassvariant_4":4,"luminousworld:birchtreemushrooms":1,"minecraft:clay":1,"minecraft:crafting_table":9,"minecraft:granite":16,"luminousworld:mossbuds_2":1,"minecraft:grass_block":8,"luminousworld:grassvariant_2":1,"minecraft:copper_ore":1,"minecraft:cobblestone":1,"minecraft:deepslate_gold_ore":6,"minecraft:lapis_ore":6,"minecraft:sugar_cane":5,"minecraft:oak_planks":6,"minecraft:diorite":19,"minecraft:wall_torch":13,"supplementaries:urn":2,"luminousworld:sunset_petunias":1,"minecraft:furnace":5,"minecraft:iron_ore":28,"minecraft:birch_log":3,"minecraft:cobbled_deepslate":2,"minecraft:birch_leaves":2,"minecraft:andesite":8,"minecraft:grass":1,"minecraft:oak_log":10,"minecraft:coal_ore":30,"luminousworld:ishstone":32,"minecraft:deepslate_iron_ore":14,"luminousworld:yellow_birch_leaves":1,"minecraft:gravel":6,"minecraft:dirt":16,"minecraft:stone":173,"minecraft:deepslate":367,"minecraft:oak_leaves":12,"minecraft:fern":1},"minecraft:custom":{"minecraft:interact_with_furnace":37,"minecraft:mob_kills":28,"minecraft:interact_with_crafting_table":16,"minecraft:leave_game":3,"minecraft:time_since_death":25235,"minecraft:time_since_rest":22836,"minecraft:sprint_one_cm":121233,"minecraft:damage_taken":1305,"minecraft:walk_one_cm":162785,"minecraft:damage_blocked_by_shield":315,"minecraft:drop":18,"minecraft:damage_dealt":4298,"minecraft:swim_one_cm":30675,"minecraft:fly_one_cm":116152,"minecraft:crouch_one_cm":65271,"minecraft:play_time":72752,"tombstone:undead_killed":14,"minecraft:deaths":7,"minecraft:sneak_time":22376,"minecraft:walk_under_water_one_cm":1698,"minecraft:jump":1040,"minecraft:walk_on_water_one_cm":4682,"minecraft:total_world_time":72752,"minecraft:fall_one_cm":18416},"minecraft:broken":{"minecraft:iron_pickaxe":1},"minecraft:crafted":{"minecraft:oak_planks":32,"minecraft:diamond_sword":1,"minecraft:crafting_table":1,"minecraft:wooden_pickaxe":2,"minecraft:iron_sword":1,"minecraft:furnace":1,"minecraft:bucket":1,"minecraft:birch_planks":12,"minecraft:stone_axe":2,"minecraft:air":0,"minecraft:iron_chestplate":1,"minecraft:diamond_pickaxe":1,"minecraft:shield":1,"minecraft:stick":24,"born_in_chaos_v1:fried_maggot":3,"minecraft:iron_ingot":24,"minecraft:iron_pickaxe":2,"minecraft:stone_pickaxe":1,"minecraft:wooden_axe":1,"minecraft:torch":8},"minecraft:dropped":{"minecraft:gravel":6,"minecraft:iron_sword":1,"luminousworld:sunset_petunias":1,"minecraft:cobbled_deepslate":3,"luminousworld:ishstone":27,"minecraft:experience_bottle":1,"tombstone:gift":1,"minecraft:clay_ball":4,"minecraft:granite":11,"minecraft:dirt":4,"minecraft:diorite":3,"tombstone:grave_key":3,"minecraft:wooden_axe":1,"minecraft:wooden_pickaxe":1,"minecraft:iron_pickaxe":1},"minecraft:killed":{"born_in_chaos_v1:fallen_chaos_knight":1,"earthmobsmod:skeleton_wolf":1,"earthmobsmod:lobber_zombie":1,"luminousworld:swallowtail":1,"enemyexpansion:sprinter":1,"enemyexpansion:direwolf":3,"born_in_chaos_v1:siamese_skeletonsright":1,"undead_revamp2:theswarmer":1,"born_in_chaos_v1:decrepit_skeleton":1,"born_in_chaos_v1:maggot":2,"born_in_chaos_v1:zombie_fisherman":1,"minecraft:zombie":2,"enemyexpansion:vampire":1,"born_in_chaos_v1:corpse_fly":5,"alexsmobs:crow":1,"undead_revamp2:sucker":1,"enemyexpansion:vampflyer":1,"born_in_chaos_v1:siamese_skeletonsleft":1,"enemyexpansion:wasp":1},"minecraft:used":{"minecraft:diorite":16,"minecraft:birch_planks":3,"minecraft:stone_pickaxe":33,"minecraft:oak_planks":16,"minecraft:wooden_pickaxe":26,"minecraft:shield":9,"minecraft:iron_sword":109,"born_in_chaos_v1:fried_maggot":6,"minecraft:rotten_flesh":9,"minecraft:torch":20,"minecraft:dirt":12,"minecraft:crafting_table":9,"minecraft:granite":5,"minecraft:wooden_axe":6,"minecraft:diamond_pickaxe":347,"minecraft:grass_block":1,"minecraft:iron_pickaxe":392,"minecraft:diamond_sword":16,"minecraft:stone_axe":13,"minecraft:cobblestone":83,"minecraft:furnace":5,"minecraft:andesite":7,"tombstone:gift":2,"alexsmobs:animal_dictionary":1,"minecraft:cobbled_deepslate":86,"minecraft:experience_bottle":4},"minecraft:killed_by":{"minecraft:player":1,"enemyexpansion:direwolf":1,"born_in_chaos_v1:corpse_fly":1}},"DataVersion":3465}