{"stats":{"minecraft:picked_up":{"minecraft:birch_log":1,"minecraft:oak_log":1,"minecraft:dirt":7},"minecraft:mined":{"luminousworld:mossbuds_2":1,"minecraft:grass_block":5,"minecraft:oak_log":2,"minecraft:dirt":4,"luminousworld:grassvariant_4":2,"minecraft:birch_log":1},"minecraft:custom":{"minecraft:time_since_rest":1903,"minecraft:damage_taken":123,"minecraft:crouch_one_cm":50,"minecraft:sprint_one_cm":9820,"minecraft:play_time":9214,"minecraft:deaths":3,"minecraft:walk_one_cm":11758,"minecraft:sneak_time":12,"minecraft:drop":4,"minecraft:jump":110,"minecraft:leave_game":1,"minecraft:time_since_death":2242,"minecraft:total_world_time":9214,"minecraft:fall_one_cm":4693,"minecraft:fly_one_cm":18699},"minecraft:dropped":{"tombstone:grave_key":2,"minecraft:experience_bottle":1,"tombstone:gift":1},"minecraft:used":{"minecraft:dirt":1,"minecraft:grass_block":1,"alexsmobs:animal_dictionary":1,"minecraft:experience_bottle":4},"minecraft:killed_by":{"minecraft:player":1}},"DataVersion":3465}