{"stats":{"minecraft:picked_up":{"born_in_chaos_v1:fused_bone":2,"minecraft:birch_log":3,"born_in_chaos_v1:corpse_maggot":6,"minecraft:crafting_table":6,"minecraft:feather":1,"minecraft:chainmail_boots":1,"minecraft:andesite":7,"born_in_chaos_v1:seedof_chaos":1,"luminousworld:ishstone":29,"minecraft:brown_mushroom":1,"minecraft:oak_log":9,"tombstone:grave_key":1,"minecraft:gunpowder":1,"minecraft:lapis_lazuli":40,"minecraft:dirt":19,"minecraft:raw_copper":5,"minecraft:bone":5,"tombstone:bag_of_seeds":1,"minecraft:sugar_cane":6,"minecraft:oak_planks":6,"minecraft:furnace":4,"minecraft:raw_iron":27,"minecraft:torch":5,"luminousworld:sunset_petunias":1,"minecraft:diorite":19,"born_in_chaos_v1:pieceofdarkmetal":4,"born_in_chaos_v1:fried_maggot":3,"minecraft:rotten_flesh":15,"minecraft:granite":16,"minecraft:coal":98,"iceandfire:raw_silver":2,"minecraft:cobblestone":138},"minecraft:mined":{"iceandfire:silver_ore":2,"luminousworld:grassvariant_4":4,"luminousworld:birchtreemushrooms":1,"minecraft:crafting_table":6,"minecraft:granite":16,"luminousworld:mossbuds_2":1,"minecraft:grass_block":8,"luminousworld:grassvariant_2":1,"minecraft:copper_ore":1,"minecraft:cobblestone":1,"minecraft:lapis_ore":6,"minecraft:sugar_cane":5,"minecraft:oak_planks":6,"minecraft:diorite":19,"minecraft:wall_torch":5,"luminousworld:sunset_petunias":1,"minecraft:furnace":4,"minecraft:iron_ore":28,"minecraft:birch_log":3,"minecraft:birch_leaves":2,"minecraft:andesite":7,"minecraft:grass":1,"minecraft:oak_log":10,"minecraft:coal_ore":28,"luminousworld:ishstone":32,"luminousworld:yellow_birch_leaves":1,"minecraft:dirt":13,"minecraft:stone":140,"minecraft:oak_leaves":12,"minecraft:fern":1},"minecraft:custom":{"minecraft:interact_with_furnace":34,"minecraft:mob_kills":25,"minecraft:interact_with_crafting_table":14,"minecraft:leave_game":3,"minecraft:time_since_death":7235,"minecraft:time_since_rest":4836,"minecraft:sprint_one_cm":119761,"minecraft:damage_taken":1209,"minecraft:walk_one_cm":137975,"minecraft:damage_blocked_by_shield":315,"minecraft:drop":9,"minecraft:damage_dealt":3620,"minecraft:swim_one_cm":30675,"minecraft:fly_one_cm":114892,"minecraft:crouch_one_cm":28700,"minecraft:play_time":54752,"tombstone:undead_killed":12,"minecraft:deaths":7,"minecraft:sneak_time":10899,"minecraft:walk_under_water_one_cm":1698,"minecraft:jump":871,"minecraft:walk_on_water_one_cm":4682,"minecraft:total_world_time":54752,"minecraft:fall_one_cm":16939},"minecraft:crafted":{"minecraft:oak_planks":32,"minecraft:crafting_table":1,"minecraft:wooden_pickaxe":2,"minecraft:iron_sword":1,"minecraft:furnace":1,"minecraft:bucket":1,"minecraft:birch_planks":12,"minecraft:stone_axe":2,"minecraft:air":0,"minecraft:iron_chestplate":1,"minecraft:shield":1,"minecraft:stick":24,"born_in_chaos_v1:fried_maggot":3,"minecraft:iron_ingot":20,"minecraft:iron_pickaxe":1,"minecraft:stone_pickaxe":1,"minecraft:wooden_axe":1,"minecraft:torch":8},"minecraft:dropped":{"luminousworld:ishstone":27,"minecraft:experience_bottle":1,"tombstone:gift":1,"minecraft:dirt":1,"tombstone:grave_key":3,"minecraft:wooden_axe":1,"minecraft:wooden_pickaxe":1},"minecraft:killed":{"born_in_chaos_v1:fallen_chaos_knight":1,"earthmobsmod:skeleton_wolf":1,"earthmobsmod:lobber_zombie":1,"luminousworld:swallowtail":1,"enemyexpansion:sprinter":1,"enemyexpansion:direwolf":2,"born_in_chaos_v1:siamese_skeletonsright":1,"undead_revamp2:theswarmer":1,"born_in_chaos_v1:decrepit_skeleton":1,"born_in_chaos_v1:maggot":2,"minecraft:zombie":2,"born_in_chaos_v1:corpse_fly":5,"alexsmobs:crow":1,"undead_revamp2:sucker":1,"enemyexpansion:vampflyer":1,"born_in_chaos_v1:siamese_skeletonsleft":1,"enemyexpansion:wasp":1},"minecraft:used":{"minecraft:diorite":7,"minecraft:birch_planks":3,"minecraft:stone_pickaxe":32,"minecraft:oak_planks":16,"minecraft:wooden_pickaxe":26,"minecraft:shield":8,"minecraft:iron_sword":108,"born_in_chaos_v1:fried_maggot":3,"minecraft:rotten_flesh":9,"minecraft:torch":6,"minecraft:dirt":12,"minecraft:crafting_table":7,"minecraft:granite":5,"minecraft:wooden_axe":6,"minecraft:grass_block":1,"minecraft:iron_pickaxe":238,"minecraft:stone_axe":9,"minecraft:cobblestone":83,"minecraft:furnace":5,"minecraft:andesite":7,"alexsmobs:animal_dictionary":1,"minecraft:experience_bottle":4},"minecraft:killed_by":{"minecraft:player":1,"enemyexpansion:direwolf":1,"born_in_chaos_v1:corpse_fly":1}},"DataVersion":3465}