{"stats":{"minecraft:picked_up":{"born_in_chaos_v1:fused_bone":2,"minecraft:birch_log":3,"born_in_chaos_v1:corpse_maggot":5,"minecraft:crafting_table":5,"minecraft:feather":1,"minecraft:chainmail_boots":1,"minecraft:andesite":7,"luminousworld:ishstone":27,"minecraft:brown_mushroom":1,"minecraft:oak_log":9,"tombstone:grave_key":1,"minecraft:gunpowder":1,"minecraft:lapis_lazuli":40,"minecraft:dirt":19,"minecraft:raw_copper":5,"minecraft:bone":5,"tombstone:bag_of_seeds":1,"minecraft:sugar_cane":6,"minecraft:oak_planks":6,"minecraft:furnace":3,"minecraft:raw_iron":22,"minecraft:torch":5,"luminousworld:sunset_petunias":1,"minecraft:rotten_flesh":10,"minecraft:granite":16,"minecraft:coal":78,"iceandfire:raw_silver":2,"minecraft:cobblestone":106},"minecraft:mined":{"iceandfire:silver_ore":2,"luminousworld:grassvariant_4":3,"luminousworld:birchtreemushrooms":1,"minecraft:crafting_table":5,"minecraft:granite":16,"luminousworld:mossbuds_2":1,"minecraft:grass_block":8,"luminousworld:grassvariant_2":1,"minecraft:copper_ore":1,"minecraft:cobblestone":1,"minecraft:lapis_ore":6,"minecraft:sugar_cane":5,"minecraft:oak_planks":6,"minecraft:wall_torch":5,"luminousworld:sunset_petunias":1,"minecraft:furnace":3,"minecraft:birch_log":3,"minecraft:iron_ore":23,"minecraft:andesite":7,"minecraft:birch_leaves":2,"minecraft:grass":1,"minecraft:oak_log":10,"minecraft:coal_ore":28,"luminousworld:ishstone":30,"luminousworld:yellow_birch_leaves":1,"minecraft:dirt":13,"minecraft:stone":104,"minecraft:oak_leaves":12,"minecraft:fern":1},"minecraft:custom":{"minecraft:interact_with_furnace":26,"minecraft:mob_kills":22,"minecraft:interact_with_crafting_table":11,"minecraft:leave_game":2,"minecraft:time_since_death":4910,"minecraft:time_since_rest":2983,"minecraft:sprint_one_cm":68004,"minecraft:damage_taken":762,"minecraft:walk_one_cm":101584,"minecraft:damage_blocked_by_shield":255,"minecraft:drop":9,"minecraft:damage_dealt":3235,"minecraft:swim_one_cm":15622,"minecraft:fly_one_cm":69467,"minecraft:crouch_one_cm":21828,"minecraft:deaths":5,"minecraft:play_time":43235,"tombstone:undead_killed":10,"minecraft:sneak_time":8811,"minecraft:walk_under_water_one_cm":1245,"minecraft:jump":581,"minecraft:walk_on_water_one_cm":3292,"minecraft:total_world_time":43235,"minecraft:fall_one_cm":12592},"minecraft:crafted":{"minecraft:oak_planks":32,"minecraft:crafting_table":1,"minecraft:wooden_pickaxe":2,"minecraft:iron_sword":1,"minecraft:furnace":1,"minecraft:birch_planks":12,"minecraft:stone_axe":2,"minecraft:air":0,"minecraft:iron_chestplate":1,"minecraft:shield":1,"born_in_chaos_v1:fried_maggot":3,"minecraft:stick":20,"minecraft:iron_ingot":17,"minecraft:iron_pickaxe":1,"minecraft:stone_pickaxe":1,"minecraft:wooden_axe":1,"minecraft:torch":8},"minecraft:dropped":{"luminousworld:ishstone":27,"minecraft:experience_bottle":1,"tombstone:gift":1,"minecraft:dirt":1,"tombstone:grave_key":3,"minecraft:wooden_axe":1,"minecraft:wooden_pickaxe":1},"minecraft:killed":{"earthmobsmod:skeleton_wolf":1,"luminousworld:swallowtail":1,"enemyexpansion:sprinter":1,"enemyexpansion:direwolf":2,"born_in_chaos_v1:siamese_skeletonsright":1,"undead_revamp2:theswarmer":1,"born_in_chaos_v1:decrepit_skeleton":1,"born_in_chaos_v1:maggot":2,"minecraft:zombie":2,"born_in_chaos_v1:corpse_fly":4,"alexsmobs:crow":1,"undead_revamp2:sucker":1,"born_in_chaos_v1:siamese_skeletonsleft":1,"enemyexpansion:vampflyer":1,"enemyexpansion:wasp":1},"minecraft:used":{"minecraft:birch_planks":3,"minecraft:stone_pickaxe":32,"minecraft:oak_planks":16,"minecraft:shield":5,"minecraft:wooden_pickaxe":26,"minecraft:iron_sword":96,"born_in_chaos_v1:fried_maggot":3,"minecraft:rotten_flesh":6,"minecraft:torch":6,"minecraft:dirt":12,"minecraft:crafting_table":5,"minecraft:wooden_axe":6,"minecraft:grass_block":1,"minecraft:iron_pickaxe":175,"minecraft:stone_axe":8,"minecraft:cobblestone":83,"minecraft:furnace":3,"minecraft:andesite":7,"alexsmobs:animal_dictionary":1,"minecraft:experience_bottle":4},"minecraft:killed_by":{"minecraft:player":1,"enemyexpansion:direwolf":1}},"DataVersion":3465}