{"stats":{"minecraft:mined":{"luminousworld:groundpebbles_1":1,"luminousworld:grassvariant_4":2,"minecraft:grass_block":9,"iceandfire:lectern":1,"luminousworld:grassvariant_2":3,"luminousworld:groundpebbles_3":1,"minecraft:spawner":3,"minecraft:hay_block":14,"minecraft:tall_seagrass":4,"minecraft:furnace":5,"minecraft:iron_ore":6,"minecraft:barrel":1,"minecraft:pumpkin":4,"minecraft:vine":1,"luminousworld:groundpebbles_2":2,"minecraft:stone":82,"minecraft:spruce_slab":1,"minecraft:smithing_table":1,"iceandfire:podium_acacia":1,"minecraft:crafting_table":3,"minecraft:blast_furnace":2,"minecraft:poppy":1,"minecraft:cobblestone":7,"minecraft:pink_petals":1,"luminousworld:whiteoaklog":7,"minecraft:birch_log":6,"minecraft:birch_leaves":3,"minecraft:grass":6,"minecraft:coal_ore":46,"minecraft:oak_log":20,"minecraft:dirt":5,"minecraft:sand":31,"minecraft:sunflower":2,"minecraft:tripwire_hook":1,"minecraft:oak_leaves":17},"minecraft:used":{"minecraft:stone_sword":107,"minecraft:cooked_salmon":4,"minecraft:torch":12,"minecraft:dirt":11,"enemyexpansion:meathead_helmet":1,"naturalist:cooked_bass":1,"born_in_chaos_v1:corpse_maggot":2,"minecraft:iron_helmet":1,"minecraft:furnace":5,"tombstone:gift":2,"minecraft:pumpkin":1,"minecraft:iron_leggings":1,"minecraft:cooked_mutton":3,"minecraft:stone_pickaxe":131,"minecraft:oak_planks":1,"minecraft:leather_chestplate":1,"minecraft:wooden_pickaxe":30,"luminousworld:white_oak_plank":8,"minecraft:salmon":1,"minecraft:sand":6,"minecraft:crafting_table":4,"luminousworld:cooked_bass":1,"minecraft:apple":1,"minecraft:wooden_sword":29,"minecraft:cobblestone":20,"alexsmobs:animal_dictionary":1},"minecraft:dropped":{"minecraft:wheat_seeds":9,"iceandfire:podium_acacia":2,"minecraft:acacia_log":1,"minecraft:dirt":1,"minecraft:stone_button":2,"tombstone:grave_key":1,"minecraft:wooden_sword":1,"minecraft:pumpkin":6,"minecraft:pink_petals":5,"minecraft:bone":1,"minecraft:raw_iron":1,"enemyexpansion:meathead_helmet":2,"minecraft:oak_sapling":1,"iceandfire:bestiary":1,"minecraft:stone_pickaxe":2,"minecraft:wooden_pickaxe":1},"minecraft:custom":{"minecraft:mob_kills":36,"minecraft:interact_with_crafting_table":21,"minecraft:open_barrel":15,"minecraft:leave_game":6,"minecraft:time_since_death":2950,"minecraft:sprint_one_cm":193448,"minecraft:walk_one_cm":332896,"minecraft:drop":33,"minecraft:play_time":127304,"minecraft:deaths":9,"minecraft:sneak_time":180,"minecraft:walk_under_water_one_cm":34667,"minecraft:jump":1204,"minecraft:interact_with_blast_furnace":1,"minecraft:walk_on_water_one_cm":46683,"minecraft:total_world_time":127304,"minecraft:interact_with_furnace":18,"minecraft:time_since_rest":2127,"minecraft:damage_taken":2893,"minecraft:trigger_trapped_chest":1,"minecraft:damage_dealt":4875,"minecraft:swim_one_cm":248528,"minecraft:fly_one_cm":208885,"minecraft:open_chest":14,"tombstone:undead_killed":9,"minecraft:fall_one_cm":23732},"minecraft:killed":{"luminousworld:frostbitten_zombie":1,"undead_revamp2:thehunter":1,"minecraft:spider":2,"undead_revamp2:thesmoker":1,"born_in_chaos_v1:maggot":5,"minecraft:skeleton":1,"naturalist:bass":4,"luminousworld:bass_fish":1,"born_in_chaos_v1:barrel_zombie":1,"minecraft:salmon":6,"born_in_chaos_v1:decrepit_skeleton":2,"minecraft:sheep":2,"born_in_chaos_v1:zombie_fisherman":1,"enemyexpansion:meature":1,"born_in_chaos_v1:dread_hound":1,"alexsmobs:terrapin":1,"born_in_chaos_v1:corpse_fly":2,"minecraft:cow":2},"minecraft:crafted":{"minecraft:wooden_sword":1,"minecraft:oak_planks":56,"minecraft:furnace":1,"naturalist:cooked_bass":1,"minecraft:cooked_mutton":3,"luminousworld:white_oak_plank":28,"minecraft:stone_pickaxe":2,"minecraft:cooked_beef":5,"luminousworld:cooked_bass":1,"minecraft:crafting_table":1,"minecraft:wooden_pickaxe":2,"minecraft:cooked_salmon":5,"minecraft:charcoal":5,"minecraft:stick":16,"minecraft:stone_sword":2,"minecraft:torch":12},"minecraft:picked_up":{"luminousworld:groundpebbles_1":4,"minecraft:wheat":4,"minecraft:crafting_table":3,"minecraft:clay_ball":2,"minecraft:prismarine_shard":2,"minecraft:smithing_table":1,"minecraft:raw_copper":1,"iceandfire:bestiary":2,"minecraft:beef":5,"minecraft:sugar_cane":1,"iceandfire:podium_acacia":2,"minecraft:furnace":5,"minecraft:raw_iron":7,"minecraft:acacia_log":1,"minecraft:stone_button":2,"minecraft:carrot":1,"enemyexpansion:meathead_helmet":2,"minecraft:arrow":2,"minecraft:stone_sword":2,"minecraft:rotten_flesh":12,"minecraft:hay_block":14,"tombstone:essence_of_undeath":1,"minecraft:gold_ingot":1,"minecraft:mutton":3,"minecraft:white_wool":1,"minecraft:cobblestone":89,"minecraft:birch_log":6,"born_in_chaos_v1:corpse_maggot":2,"minecraft:pink_petals":10,"minecraft:tripwire_hook":1,"minecraft:salmon":6,"minecraft:leather":4,"minecraft:oak_log":19,"minecraft:dirt":12,"naturalist:bass":4,"minecraft:bone":5,"minecraft:apple":1,"minecraft:kelp":1,"minecraft:wheat_seeds":4,"minecraft:iron_ingot":1,"minecraft:stone_pickaxe":2,"luminousworld:bass_item":1,"luminousworld:clovers_1":1,"minecraft:cooked_porkchop":1,"minecraft:pumpkin":7,"minecraft:sand":29,"minecraft:blast_furnace":2,"minecraft:barrel":1,"luminousworld:whiteoaklog":7,"iceandfire:lectern":1,"minecraft:iron_helmet":1,"minecraft:oak_sapling":2,"born_in_chaos_v1:rotten_fish":1,"minecraft:black_wool":1,"minecraft:coal":46,"minecraft:sunflower":1},"minecraft:killed_by":{"minecraft:player":2,"undead_revamp2:the_moonflower":1,"born_in_chaos_v1:nightmare_stalker":1,"minecraft:drowned":1,"iceandfire:lightning_dragon":1,"iceandfire:ghost":2}},"DataVersion":3465}