{"stats":{"minecraft:picked_up":{"born_in_chaos_v1:corpse_maggot":2,"luminousworld:groundpebbles_1":2,"minecraft:crafting_table":1,"minecraft:wheat":4,"luminousworld:trout":3,"minecraft:oak_log":10,"minecraft:gunpowder":2,"minecraft:string":3,"minecraft:dirt":1,"minecraft:raw_copper":31,"born_in_chaos_v1:intoxicating_decoction":2,"minecraft:bone":1,"minecraft:iron_ingot":1,"minecraft:iron_sword":1,"minecraft:furnace":1,"luminousworld:bass_item":1,"minecraft:raw_iron":16,"minecraft:torch":10,"minecraft:spruce_sapling":1,"minecraft:mossy_cobblestone":3,"minecraft:arrow":2,"minecraft:rotten_flesh":11,"tombstone:magic_scroll":1,"minecraft:oak_sapling":8,"minecraft:coal":31,"iceandfire:raw_silver":5,"minecraft:cobblestone":201},"minecraft:mined":{"luminousworld:groundpebbles_1":2,"iceandfire:silver_ore":5,"minecraft:mossy_cobblestone":3,"minecraft:crafting_table":1,"minecraft:grass_block":1,"minecraft:copper_ore":8,"minecraft:cobblestone":6,"minecraft:wall_torch":10,"minecraft:furnace":1,"minecraft:iron_ore":16,"minecraft:oak_log":10,"minecraft:coal_ore":32,"minecraft:cobweb":1,"minecraft:stone":195,"minecraft:oak_leaves":6},"minecraft:custom":{"minecraft:interact_with_furnace":40,"minecraft:mob_kills":29,"minecraft:interact_with_crafting_table":16,"minecraft:damage_dealt_resisted":1008,"minecraft:leave_game":1,"minecraft:time_since_death":45240,"minecraft:time_since_rest":45240,"minecraft:sprint_one_cm":31688,"minecraft:damage_taken":275,"minecraft:walk_one_cm":146716,"minecraft:damage_blocked_by_shield":90,"minecraft:damage_dealt":3819,"minecraft:swim_one_cm":23404,"minecraft:fly_one_cm":33699,"minecraft:crouch_one_cm":5752,"minecraft:play_time":45240,"tombstone:undead_killed":8,"minecraft:sneak_time":2380,"minecraft:walk_under_water_one_cm":8127,"minecraft:jump":392,"minecraft:walk_on_water_one_cm":2517,"minecraft:total_world_time":45240,"minecraft:fall_one_cm":6841},"minecraft:crafted":{"minecraft:smooth_stone":4,"minecraft:oak_slab":6,"minecraft:oak_planks":24,"luminousworld:cooked_bass":1,"minecraft:crafting_table":1,"minecraft:wooden_pickaxe":1,"minecraft:furnace":2,"luminousworld:cooked_trout":3,"minecraft:copper_ingot":23,"minecraft:stone":5,"minecraft:stone_axe":1,"iceandfire:armor_copper_metal_boots":1,"iceandfire:armor_copper_metal_helmet":1,"minecraft:bread":1,"minecraft:air":0,"minecraft:leather":9,"minecraft:charcoal":4,"minecraft:shield":1,"born_in_chaos_v1:fried_maggot":2,"minecraft:stick":16,"minecraft:iron_ingot":4,"iceandfire:armor_copper_metal_chestplate":1,"minecraft:stone_pickaxe":2,"stalwart_dungeons:stone_hammer":1,"minecraft:torch":24},"minecraft:broken":{"minecraft:stone_pickaxe":1},"minecraft:used":{"minecraft:stone_pickaxe":243,"minecraft:wooden_pickaxe":21,"minecraft:shield":2,"minecraft:iron_sword":2,"born_in_chaos_v1:fried_maggot":2,"minecraft:torch":31,"iceandfire:armor_copper_metal_boots":1,"minecraft:dirt":1,"minecraft:crafting_table":2,"luminousworld:cooked_bass":1,"minecraft:bread":1,"minecraft:stone_axe":31,"stalwart_dungeons:stone_hammer":66,"minecraft:cobblestone":24,"minecraft:furnace":3,"iceandfire:armor_copper_metal_helmet":1,"luminousworld:cooked_trout":3},"minecraft:killed":{"born_in_chaos_v1:zombie_clown":1,"minecraft:spider":1,"undead_revamp2:thesmoker":1,"enemyexpansion:direwolf":3,"luminousworld:trout_fish":3,"minecraft:creeper":1,"born_in_chaos_v1:decrepit_skeleton":1,"born_in_chaos_v1:maggot":5,"minecraft:skeleton":1,"minecraft:zombie":3,"enemyexpansion:botfly":5,"luminousworld:bass_fish":1,"born_in_chaos_v1:door_knight":1,"minecraft:enderman":1,"enemyexpansion:wasp":1}},"DataVersion":3465}