{"stats":{"minecraft:picked_up":{"born_in_chaos_v1:corpse_maggot":2,"luminousworld:groundpebbles_1":2,"minecraft:crafting_table":2,"minecraft:wheat":4,"enemyexpansion:wasp_thorax":2,"luminousworld:trout":3,"minecraft:oak_log":23,"minecraft:gunpowder":2,"minecraft:string":3,"minecraft:dirt":2,"minecraft:raw_copper":31,"born_in_chaos_v1:intoxicating_decoction":2,"minecraft:bone":1,"minecraft:apple":1,"minecraft:iron_ingot":1,"minecraft:iron_sword":1,"minecraft:furnace":3,"minecraft:stick":3,"luminousworld:bass_item":1,"minecraft:raw_iron":16,"minecraft:torch":11,"minecraft:spruce_sapling":1,"minecraft:mossy_cobblestone":3,"minecraft:arrow":2,"minecraft:rotten_flesh":11,"tombstone:magic_scroll":1,"minecraft:oak_sapling":10,"minecraft:coal":50,"iceandfire:raw_silver":6,"minecraft:cobblestone":202},"minecraft:mined":{"luminousworld:groundpebbles_1":2,"iceandfire:silver_ore":6,"minecraft:mossy_cobblestone":3,"minecraft:powder_snow":21,"minecraft:crafting_table":2,"minecraft:grass_block":2,"minecraft:copper_ore":8,"minecraft:cobblestone":6,"minecraft:wall_torch":11,"minecraft:furnace":3,"minecraft:iron_ore":16,"minecraft:oak_log":23,"minecraft:coal_ore":32,"minecraft:cobweb":1,"minecraft:stone":196,"minecraft:oak_leaves":15},"minecraft:custom":{"minecraft:interact_with_furnace":45,"minecraft:mob_kills":32,"minecraft:interact_with_crafting_table":17,"minecraft:damage_dealt_resisted":1008,"minecraft:leave_game":1,"minecraft:time_since_death":51240,"minecraft:time_since_rest":51240,"minecraft:sprint_one_cm":41895,"minecraft:damage_taken":306,"minecraft:walk_one_cm":173496,"minecraft:damage_blocked_by_shield":90,"minecraft:damage_dealt":4259,"minecraft:swim_one_cm":23404,"minecraft:fly_one_cm":46203,"minecraft:crouch_one_cm":5752,"minecraft:play_time":51240,"tombstone:undead_killed":8,"minecraft:sneak_time":2380,"minecraft:walk_under_water_one_cm":8127,"minecraft:jump":561,"minecraft:walk_on_water_one_cm":2517,"minecraft:total_world_time":51240,"minecraft:fall_one_cm":9689},"minecraft:crafted":{"minecraft:smooth_stone":4,"minecraft:oak_slab":6,"minecraft:oak_planks":48,"luminousworld:cooked_bass":1,"minecraft:crafting_table":1,"minecraft:wooden_pickaxe":1,"minecraft:furnace":2,"luminousworld:cooked_trout":3,"iceandfire:armor_copper_metal_leggings":1,"minecraft:copper_ingot":31,"minecraft:stone":5,"minecraft:stone_axe":1,"iceandfire:armor_copper_metal_boots":1,"iceandfire:armor_copper_metal_helmet":1,"minecraft:bread":1,"minecraft:air":0,"minecraft:leather":11,"minecraft:charcoal":4,"minecraft:shield":1,"born_in_chaos_v1:fried_maggot":2,"minecraft:stick":16,"minecraft:iron_ingot":4,"iceandfire:armor_copper_metal_chestplate":1,"minecraft:stone_pickaxe":2,"stalwart_dungeons:stone_hammer":1,"minecraft:torch":24},"minecraft:broken":{"minecraft:stone_pickaxe":1,"stalwart_dungeons:stone_hammer":1},"minecraft:used":{"iceandfire:armor_copper_metal_leggings":1,"minecraft:stone_pickaxe":248,"minecraft:wooden_pickaxe":28,"minecraft:shield":2,"minecraft:iron_sword":28,"born_in_chaos_v1:fried_maggot":2,"minecraft:torch":33,"iceandfire:armor_copper_metal_boots":1,"minecraft:dirt":2,"minecraft:crafting_table":2,"luminousworld:cooked_bass":1,"minecraft:apple":1,"minecraft:bread":1,"minecraft:stone_axe":57,"stalwart_dungeons:stone_hammer":69,"minecraft:cobblestone":24,"minecraft:furnace":3,"iceandfire:armor_copper_metal_helmet":1,"luminousworld:cooked_trout":3},"minecraft:killed":{"born_in_chaos_v1:zombie_clown":1,"minecraft:spider":1,"undead_revamp2:thesmoker":1,"enemyexpansion:direwolf":3,"luminousworld:trout_fish":3,"minecraft:creeper":1,"born_in_chaos_v1:decrepit_skeleton":1,"born_in_chaos_v1:maggot":5,"minecraft:skeleton":1,"undead_revamp2:thebidyupside":1,"minecraft:zombie":3,"enemyexpansion:botfly":5,"luminousworld:bass_fish":1,"born_in_chaos_v1:door_knight":1,"minecraft:enderman":1,"enemyexpansion:wasp":3}},"DataVersion":3465}