{"stats":{"minecraft:picked_up":{"born_in_chaos_v1:corpse_maggot":5,"luminousworld:groundpebbles_1":2,"minecraft:crafting_table":2,"minecraft:wheat":4,"minecraft:wooden_pickaxe":1,"enemyexpansion:wasp_thorax":2,"luminousworld:trout":4,"minecraft:oak_log":23,"undead_revamp2:huntereye":1,"minecraft:gunpowder":4,"minecraft:string":3,"minecraft:dirt":2,"minecraft:raw_copper":46,"minecraft:experience_bottle":1,"born_in_chaos_v1:intoxicating_decoction":2,"minecraft:bone":2,"minecraft:apple":1,"minecraft:iron_ingot":1,"minecraft:iron_sword":1,"minecraft:furnace":3,"minecraft:stick":3,"luminousworld:bass_item":1,"minecraft:raw_iron":16,"born_in_chaos_v1:shattered_skull":1,"minecraft:torch":11,"minecraft:spruce_sapling":1,"tombstone:grave_dust":2,"minecraft:spruce_log":8,"minecraft:mossy_cobblestone":3,"minecraft:arrow":2,"minecraft:rotten_flesh":15,"tombstone:magic_scroll":1,"minecraft:oak_sapling":10,"minecraft:coal":50,"iceandfire:raw_silver":6,"minecraft:cobblestone":203},"minecraft:mined":{"luminousworld:groundpebbles_1":2,"iceandfire:silver_ore":6,"minecraft:mossy_cobblestone":3,"minecraft:powder_snow":26,"minecraft:crafting_table":2,"minecraft:grass_block":2,"minecraft:copper_ore":12,"minecraft:cobblestone":7,"minecraft:spruce_leaves":2,"minecraft:wall_torch":11,"minecraft:furnace":3,"minecraft:iron_ore":16,"minecraft:spruce_log":8,"minecraft:grass":1,"minecraft:oak_log":23,"minecraft:coal_ore":32,"minecraft:cobweb":1,"minecraft:stone":196,"minecraft:oak_leaves":15},"minecraft:custom":{"minecraft:interact_with_furnace":61,"minecraft:mob_kills":44,"minecraft:interact_with_crafting_table":19,"minecraft:damage_dealt_resisted":1017,"minecraft:leave_game":1,"minecraft:time_since_death":63240,"minecraft:time_since_rest":63240,"minecraft:sprint_one_cm":55026,"minecraft:damage_taken":448,"minecraft:walk_one_cm":217988,"minecraft:damage_blocked_by_shield":90,"minecraft:drop":1,"minecraft:damage_dealt":5909,"minecraft:swim_one_cm":49117,"minecraft:fly_one_cm":63116,"minecraft:crouch_one_cm":6380,"minecraft:play_time":63240,"tombstone:undead_killed":11,"minecraft:sneak_time":2715,"minecraft:walk_under_water_one_cm":27750,"minecraft:jump":673,"minecraft:walk_on_water_one_cm":6931,"minecraft:total_world_time":63240,"minecraft:fall_one_cm":13313},"minecraft:crafted":{"minecraft:smooth_stone":4,"minecraft:oak_slab":18,"minecraft:oak_planks":76,"luminousworld:cooked_bass":1,"minecraft:crafting_table":1,"minecraft:wooden_pickaxe":1,"minecraft:furnace":2,"luminousworld:cooked_trout":4,"iceandfire:armor_copper_metal_leggings":1,"minecraft:copper_ingot":31,"minecraft:stone":5,"minecraft:stone_axe":1,"iceandfire:armor_copper_metal_boots":1,"iceandfire:armor_copper_metal_helmet":1,"minecraft:bread":1,"minecraft:air":0,"minecraft:leather":13,"minecraft:charcoal":4,"minecraft:shield":1,"born_in_chaos_v1:fried_maggot":2,"minecraft:stick":16,"minecraft:iron_ingot":4,"iceandfire:armor_copper_metal_chestplate":1,"minecraft:stone_pickaxe":2,"stalwart_dungeons:stone_hammer":1,"minecraft:torch":24},"minecraft:broken":{"minecraft:stone_pickaxe":1,"stalwart_dungeons:stone_hammer":1},"minecraft:dropped":{"minecraft:wooden_pickaxe":1},"minecraft:used":{"iceandfire:armor_copper_metal_leggings":1,"minecraft:stone_pickaxe":253,"minecraft:wooden_pickaxe":38,"minecraft:shield":2,"minecraft:iron_sword":79,"luminousworld:groundpebbles_1":2,"born_in_chaos_v1:fried_maggot":2,"minecraft:rotten_flesh":2,"minecraft:torch":35,"iceandfire:armor_copper_metal_boots":1,"minecraft:dirt":2,"minecraft:crafting_table":3,"luminousworld:cooked_bass":1,"born_in_chaos_v1:corpse_maggot":3,"minecraft:apple":1,"minecraft:bread":1,"minecraft:spruce_sapling":1,"minecraft:stone_axe":67,"stalwart_dungeons:stone_hammer":69,"minecraft:cobblestone":73,"minecraft:oak_sapling":2,"minecraft:furnace":5,"iceandfire:armor_copper_metal_helmet":1,"luminousworld:cooked_trout":4,"tombstone:gift":2,"minecraft:experience_bottle":1},"minecraft:killed":{"born_in_chaos_v1:zombie_clown":1,"born_in_chaos_v1:skeleton_demoman":1,"minecraft:spider":1,"luminousworld:sunken_skeleton":1,"undead_revamp2:thesmoker":1,"enemyexpansion:direwolf":3,"luminousworld:trout_fish":4,"minecraft:creeper":1,"born_in_chaos_v1:decrepit_skeleton":2,"born_in_chaos_v1:maggot":5,"minecraft:skeleton":1,"undead_revamp2:thebidyupside":1,"minecraft:zombie":3,"alexsmobs:terrapin":3,"born_in_chaos_v1:corpse_fly":2,"enemyexpansion:botfly":5,"luminousworld:monarch":1,"luminousworld:bass_fish":1,"minecraft:drowned":1,"born_in_chaos_v1:door_knight":1,"enemyexpansion:goblin":1,"minecraft:enderman":1,"enemyexpansion:wasp":3}},"DataVersion":3465}