{"stats":{"minecraft:picked_up":{"luminousworld:bass_item":1,"luminousworld:groundpebbles_1":2,"minecraft:crafting_table":1,"minecraft:torch":4,"luminousworld:trout":3,"minecraft:oak_log":10,"minecraft:spruce_sapling":1,"minecraft:mossy_cobblestone":3,"minecraft:dirt":1,"minecraft:bone":1,"minecraft:rotten_flesh":2,"tombstone:magic_scroll":1,"minecraft:oak_sapling":8,"minecraft:coal":6,"iceandfire:raw_silver":3,"minecraft:cobblestone":157,"minecraft:furnace":1},"minecraft:mined":{"luminousworld:groundpebbles_1":2,"minecraft:furnace":1,"iceandfire:silver_ore":3,"minecraft:mossy_cobblestone":3,"minecraft:crafting_table":1,"minecraft:coal_ore":6,"minecraft:grass_block":1,"minecraft:oak_log":10,"minecraft:stone":157,"minecraft:wall_torch":4,"minecraft:oak_leaves":6},"minecraft:custom":{"minecraft:time_since_rest":21240,"minecraft:interact_with_furnace":17,"minecraft:sprint_one_cm":11848,"minecraft:damage_taken":55,"minecraft:walk_one_cm":64815,"minecraft:mob_kills":6,"minecraft:damage_dealt":655,"minecraft:swim_one_cm":22127,"minecraft:interact_with_crafting_table":10,"minecraft:fly_one_cm":16043,"minecraft:crouch_one_cm":3746,"minecraft:play_time":21240,"tombstone:undead_killed":1,"minecraft:sneak_time":1041,"minecraft:walk_under_water_one_cm":6663,"minecraft:jump":139,"minecraft:leave_game":1,"minecraft:walk_on_water_one_cm":2339,"minecraft:time_since_death":21240,"minecraft:total_world_time":21240,"minecraft:fall_one_cm":4182},"minecraft:crafted":{"minecraft:oak_slab":6,"minecraft:smooth_stone":4,"minecraft:oak_planks":16,"luminousworld:cooked_bass":1,"minecraft:charcoal":4,"minecraft:crafting_table":1,"minecraft:stick":12,"minecraft:wooden_pickaxe":1,"minecraft:stone_pickaxe":2,"luminousworld:cooked_trout":3,"minecraft:furnace":1,"minecraft:stone":5,"stalwart_dungeons:stone_hammer":1,"minecraft:torch":8,"minecraft:stone_axe":1,"minecraft:air":0},"minecraft:broken":{"minecraft:stone_pickaxe":1},"minecraft:killed":{"luminousworld:bass_fish":1,"luminousworld:trout_fish":3,"enemyexpansion:wasp":1,"born_in_chaos_v1:decrepit_skeleton":1},"minecraft:used":{"minecraft:stone_pickaxe":151,"minecraft:wooden_pickaxe":18,"minecraft:torch":4,"stalwart_dungeons:stone_hammer":8,"minecraft:stone_axe":14,"minecraft:dirt":1,"minecraft:crafting_table":2,"minecraft:furnace":2,"luminousworld:cooked_trout":2}},"DataVersion":3465}