{"stats":{"minecraft:picked_up":{"minecraft:oak_log":10,"minecraft:dirt":1,"minecraft:bone":1,"minecraft:rotten_flesh":2,"tombstone:magic_scroll":1,"minecraft:oak_sapling":2,"minecraft:cobblestone":54},"minecraft:mined":{"minecraft:grass_block":1,"minecraft:oak_log":10,"minecraft:stone":56,"minecraft:oak_leaves":6},"minecraft:custom":{"minecraft:time_since_rest":9240,"minecraft:interact_with_furnace":7,"minecraft:sprint_one_cm":1562,"minecraft:damage_taken":45,"minecraft:walk_one_cm":26179,"minecraft:mob_kills":2,"minecraft:damage_dealt":535,"minecraft:interact_with_crafting_table":7,"minecraft:fly_one_cm":2156,"minecraft:crouch_one_cm":1064,"minecraft:play_time":9240,"tombstone:undead_killed":1,"minecraft:sneak_time":174,"minecraft:jump":56,"minecraft:leave_game":1,"minecraft:time_since_death":9240,"minecraft:total_world_time":9240,"minecraft:fall_one_cm":1161},"minecraft:crafted":{"minecraft:oak_slab":6,"minecraft:smooth_stone":1,"minecraft:oak_planks":16,"minecraft:charcoal":4,"minecraft:crafting_table":1,"minecraft:stick":8,"minecraft:wooden_pickaxe":1,"minecraft:stone_pickaxe":1,"minecraft:furnace":1,"minecraft:stone":3,"stalwart_dungeons:stone_hammer":1,"minecraft:stone_axe":1,"minecraft:air":0},"minecraft:killed":{"enemyexpansion:wasp":1,"born_in_chaos_v1:decrepit_skeleton":1},"minecraft:used":{"minecraft:stone_pickaxe":40,"minecraft:wooden_pickaxe":15,"stalwart_dungeons:stone_hammer":1,"minecraft:stone_axe":13,"minecraft:dirt":1,"minecraft:crafting_table":1,"minecraft:furnace":1}},"DataVersion":3465}