{"stats":{"minecraft:mined":{"minecraft:dark_oak_planks":10,"luminousworld:groundpebbles_1":2,"iceandfire:silver_ore":16,"minecraft:mossy_cobblestone":3,"quark:shale":4,"luminousworld:mossbuds_1":8,"minecraft:granite":9,"luminousworld:mossbuds_2":7,"minecraft:grass_block":22,"luminousworld:grassvariant_2":2,"minecraft:spruce_leaves":7,"luminousworld:groundpebbles_3":2,"minecraft:spawner":1,"minecraft:large_fern":14,"minecraft:furnace":5,"minecraft:iron_ore":20,"minecraft:stripped_spruce_log":3,"luminousworld:mossbuds_3":16,"minecraft:vine":2,"minecraft:iron_bars":12,"minecraft:stone":287,"luminousworld:blueberrystage_0":1,"luminousworld:blueberrybush":2,"minecraft:powder_snow":26,"minecraft:crafting_table":6,"minecraft:blast_furnace":4,"minecraft:emerald_ore":1,"minecraft:calcite":1,"iceandfire:ghost_chest":1,"luminousworld:spuds":2,"minecraft:copper_ore":16,"minecraft:cobblestone":14,"minecraft:diorite":6,"minecraft:wall_torch":11,"minecraft:skeleton_skull":2,"minecraft:black_stained_glass":2,"luminousworld:black_berry_stage_0":1,"minecraft:spruce_log":8,"minecraft:wither_rose":1,"minecraft:grass":3,"minecraft:oak_log":23,"minecraft:coal_ore":66,"minecraft:cyan_carpet":6,"minecraft:sand":1,"minecraft:dirt":20,"luminousworld:grassvariant_3":3,"minecraft:cobweb":2,"minecraft:oak_leaves":19},"minecraft:used":{"luminousworld:spuds":2,"iceandfire:armor_copper_metal_leggings":1,"minecraft:stone_shovel":40,"quark:shale":1,"minecraft:shield":20,"minecraft:iron_sword":230,"minecraft:cooked_salmon":1,"born_in_chaos_v1:fried_maggot":2,"minecraft:stone_hoe":59,"minecraft:rotten_flesh":6,"minecraft:torch":51,"iceandfire:armor_copper_metal_boots":1,"minecraft:dirt":42,"minecraft:carrot":1,"minecraft:granite":9,"minecraft:dark_oak_planks":5,"born_in_chaos_v1:corpse_maggot":3,"luminousworld:blueberry":1,"minecraft:iron_axe":6,"alexsmobs:cooked_lobster_tail":2,"minecraft:barrel":1,"minecraft:tripwire_hook":1,"minecraft:cooked_cod":1,"minecraft:oak_sapling":2,"minecraft:furnace":7,"iceandfire:armor_copper_metal_helmet":1,"tombstone:gift":5,"minecraft:potato":1,"minecraft:calcite":1,"minecraft:wheat_seeds":8,"minecraft:diorite":6,"minecraft:stone_pickaxe":284,"luminousworld:blackberry":6,"minecraft:wooden_pickaxe":38,"luminousworld:groundpebbles_1":4,"luminousworld:ishstone":4,"minecraft:sand":4,"minecraft:crafting_table":7,"minecraft:mushroom_stew":2,"minecraft:campfire":1,"minecraft:cake":2,"minecraft:spruce_log":3,"luminousworld:cooked_bass":4,"sophisticatedbackpacks:backpack":1,"minecraft:apple":1,"minecraft:cyan_carpet":6,"minecraft:bread":12,"minecraft:iron_pickaxe":167,"minecraft:spruce_sapling":1,"stalwart_dungeons:stone_hammer":69,"minecraft:stone_axe":94,"minecraft:cobblestone":246,"luminousworld:cooked_trout":4,"quark:oak_chest":1,"minecraft:bone_meal":6,"minecraft:experience_bottle":1},"minecraft:dropped":{"minecraft:potion":1,"minecraft:sand":1,"minecraft:glistering_melon_slice":2,"alexsmobs:animal_dictionary":1,"minecraft:stone_sword":1,"minecraft:beetroot":8,"minecraft:rotten_flesh":1,"supplementaries:ash":1,"minecraft:arrow":2,"minecraft:wooden_pickaxe":1},"minecraft:broken":{"stalwart_dungeons:stone_hammer":1,"minecraft:stone_pickaxe":2,"minecraft:stone_axe":1},"minecraft:custom":{"minecraft:mob_kills":84,"minecraft:open_barrel":16,"minecraft:interact_with_crafting_table":36,"minecraft:interact_with_campfire":3,"minecraft:damage_dealt_resisted":1017,"minecraft:leave_game":4,"minecraft:time_since_death":0,"minecraft:climb_one_cm":876,"minecraft:sprint_one_cm":159182,"minecraft:walk_one_cm":547632,"minecraft:damage_blocked_by_shield":1350,"minecraft:drop":10,"minecraft:play_time":130238,"minecraft:deaths":3,"minecraft:sneak_time":8894,"minecraft:walk_under_water_one_cm":38784,"tombstone:tomb_raiding":2,"minecraft:jump":1693,"minecraft:interact_with_blast_furnace":4,"minecraft:walk_on_water_one_cm":11996,"minecraft:total_world_time":130238,"minecraft:interact_with_furnace":100,"minecraft:tune_noteblock":2,"minecraft:interact_with_loom":3,"minecraft:time_since_rest":249,"minecraft:damage_taken":2569,"minecraft:damage_dealt":12869,"minecraft:player_kills":2,"minecraft:swim_one_cm":75454,"minecraft:fly_one_cm":223740,"minecraft:open_chest":26,"minecraft:crouch_one_cm":40246,"tombstone:undead_killed":32,"minecraft:fall_one_cm":33439},"minecraft:killed":{"born_in_chaos_v1:zombie_clown":1,"alexsmobs:lobster":2,"born_in_chaos_v1:skeleton_demoman":1,"enemyexpansion:intruder":1,"enemyexpansion:equestrian":1,"minecraft:spider":1,"luminousworld:frost_bitten_skeleton":1,"undead_revamp2:thesmoker":1,"luminousworld:sunken_skeleton":1,"minecraft:cod":1,"enemyexpansion:direwolf":3,"born_in_chaos_v1:maggot":6,"minecraft:skeleton":12,"enemyexpansion:faller":1,"luminousworld:monarch":2,"luminousworld:bass_fish":4,"minecraft:drowned":2,"undead_revamp2:sucker":1,"enemyexpansion:goblin":1,"minecraft:salmon":1,"alexsmobs:seal":1,"earthmobsmod:lobber_zombie":1,"enemyexpansion:sprinter":1,"minecraft:frog":1,"luminousworld:trout_fish":4,"minecraft:creeper":3,"born_in_chaos_v1:decrepit_skeleton":2,"undead_revamp2:thebidyupside":1,"minecraft:zombie":7,"alexsmobs:terrapin":3,"born_in_chaos_v1:corpse_fly":2,"enemyexpansion:botfly":5,"luminousworld:zebra_longwing":1,"born_in_chaos_v1:door_knight":1,"minecraft:enderman":1,"enemyexpansion:wasp":3},"minecraft:crafted":{"minecraft:smooth_stone":4,"minecraft:oak_planks":76,"minecraft:stone_shovel":1,"minecraft:furnace":2,"iceandfire:armor_copper_metal_leggings":1,"minecraft:stone":5,"minecraft:bone_meal":6,"iceandfire:armor_copper_metal_boots":1,"iceandfire:armor_copper_metal_helmet":1,"minecraft:leather":14,"minecraft:spruce_slab":36,"born_in_chaos_v1:fried_maggot":2,"minecraft:stone_pickaxe":4,"iceandfire:armor_copper_metal_chestplate":1,"minecraft:stone_hoe":1,"minecraft:oak_slab":18,"sophisticatedbackpacks:backpack":1,"luminousworld:cooked_bass":4,"minecraft:crafting_table":2,"minecraft:spruce_planks":20,"minecraft:wooden_pickaxe":1,"luminousworld:cooked_trout":4,"minecraft:cooked_salmon":1,"minecraft:copper_ingot":32,"minecraft:campfire":1,"minecraft:stone_axe":1,"minecraft:bread":2,"minecraft:air":0,"minecraft:charcoal":4,"minecraft:shield":1,"minecraft:stick":32,"quark:oak_chest":2,"minecraft:iron_ingot":20,"minecraft:iron_pickaxe":1,"stalwart_dungeons:stone_hammer":1,"minecraft:torch":40},"minecraft:picked_up":{"luminousworld:groundpebbles_1":4,"minecraft:crafting_table":6,"minecraft:wheat":6,"luminousworld:blackberry":7,"minecraft:wooden_pickaxe":1,"enemyexpansion:wasp_thorax":2,"minecraft:wither_rose":1,"luminousworld:trout":4,"minecraft:enchanted_book":1,"minecraft:chain":1,"minecraft:iron_axe":1,"iceandfire:manuscript":2,"minecraft:string":4,"minecraft:raw_copper":76,"minecraft:cyan_carpet":7,"born_in_chaos_v1:intoxicating_decoction":2,"minecraft:experience_bottle":1,"minecraft:beetroot":8,"iceandfire:graveyard_soil":5,"minecraft:calcite":1,"quark:black_shard":7,"alexsmobs:cooked_lobster_tail":2,"minecraft:furnace":5,"minecraft:stick":3,"minecraft:raw_iron":20,"luminousworld:spuds":2,"iceandfire:ghost_chest":1,"born_in_chaos_v1:shattered_skull":1,"minecraft:torch":11,"tombstone:grave_dust":4,"minecraft:diorite":6,"minecraft:dark_oak_planks":10,"minecraft:rotten_flesh":28,"minecraft:arrow":16,"minecraft:cooked_cod":1,"minecraft:glistering_melon_slice":2,"supplementaries:ash":2,"minecraft:iron_bars":12,"minecraft:cod":1,"minecraft:skeleton_skull":2,"alexsmobs:lobster_tail":2,"minecraft:cobblestone":305,"born_in_chaos_v1:corpse_maggot":5,"minecraft:leather_chestplate":1,"minecraft:salmon":1,"luminousworld:ishstone":4,"minecraft:potato":1,"minecraft:oak_log":23,"undead_revamp2:huntereye":1,"minecraft:gunpowder":8,"minecraft:dirt":42,"minecraft:bone":22,"minecraft:apple":1,"minecraft:wheat_seeds":8,"minecraft:iron_ingot":5,"minecraft:cobweb":2,"minecraft:iron_sword":2,"luminousworld:bass_item":4,"quark:shale":1,"minecraft:sand":3,"minecraft:stripped_spruce_log":3,"minecraft:spruce_sapling":1,"minecraft:blast_furnace":4,"minecraft:spruce_log":8,"minecraft:mossy_cobblestone":3,"minecraft:stone_axe":4,"luminousworld:blueberry":3,"minecraft:granite":9,"minecraft:emerald":1,"tombstone:magic_scroll":1,"minecraft:oak_sapling":10,"minecraft:coal":84,"iceandfire:raw_silver":16},"minecraft:killed_by":{"minecraft:husk":1,"minecraft:skeleton":1}},"DataVersion":3465}