{"stats":{"minecraft:picked_up":{"luminousworld:groundpebbles_1":4,"minecraft:crafting_table":4,"minecraft:wheat":4,"luminousworld:blackberry":7,"minecraft:wooden_pickaxe":1,"enemyexpansion:wasp_thorax":2,"minecraft:wither_rose":1,"luminousworld:trout":4,"minecraft:enchanted_book":1,"minecraft:chain":1,"iceandfire:manuscript":2,"minecraft:string":4,"minecraft:raw_copper":66,"born_in_chaos_v1:intoxicating_decoction":2,"minecraft:experience_bottle":1,"iceandfire:graveyard_soil":5,"alexsmobs:cooked_lobster_tail":2,"minecraft:furnace":5,"minecraft:raw_iron":16,"minecraft:stick":3,"iceandfire:ghost_chest":1,"luminousworld:spuds":2,"born_in_chaos_v1:shattered_skull":1,"minecraft:torch":11,"tombstone:grave_dust":2,"minecraft:arrow":2,"minecraft:rotten_flesh":22,"minecraft:cooked_cod":1,"supplementaries:ash":2,"minecraft:cod":1,"minecraft:skeleton_skull":2,"alexsmobs:lobster_tail":2,"minecraft:cobblestone":210,"born_in_chaos_v1:corpse_maggot":5,"minecraft:salmon":1,"minecraft:oak_log":23,"undead_revamp2:huntereye":1,"minecraft:gunpowder":4,"minecraft:dirt":42,"minecraft:bone":12,"minecraft:apple":1,"minecraft:wheat_seeds":2,"minecraft:iron_ingot":5,"minecraft:cobweb":2,"minecraft:iron_sword":1,"luminousworld:bass_item":4,"minecraft:stripped_spruce_log":3,"minecraft:spruce_sapling":1,"minecraft:spruce_log":8,"minecraft:mossy_cobblestone":3,"luminousworld:blueberry":3,"tombstone:magic_scroll":1,"minecraft:oak_sapling":10,"minecraft:coal":50,"iceandfire:raw_silver":6},"minecraft:custom":{"minecraft:mob_kills":59,"minecraft:interact_with_crafting_table":33,"minecraft:interact_with_campfire":3,"minecraft:damage_dealt_resisted":1017,"minecraft:leave_game":2,"minecraft:time_since_death":87368,"minecraft:climb_one_cm":0,"minecraft:sprint_one_cm":98455,"minecraft:walk_one_cm":337785,"minecraft:damage_blocked_by_shield":285,"minecraft:drop":3,"minecraft:play_time":87368,"minecraft:sneak_time":3896,"minecraft:walk_under_water_one_cm":38680,"minecraft:jump":921,"minecraft:walk_on_water_one_cm":11843,"minecraft:total_world_time":87368,"minecraft:interact_with_furnace":88,"minecraft:time_since_rest":87368,"minecraft:damage_taken":590,"minecraft:damage_dealt":6977,"minecraft:swim_one_cm":72666,"minecraft:fly_one_cm":96834,"minecraft:open_chest":14,"minecraft:crouch_one_cm":13713,"tombstone:undead_killed":15,"minecraft:fall_one_cm":19293},"minecraft:mined":{"luminousworld:groundpebbles_1":2,"iceandfire:silver_ore":6,"minecraft:mossy_cobblestone":3,"luminousworld:mossbuds_1":8,"luminousworld:mossbuds_2":7,"minecraft:grass_block":22,"luminousworld:grassvariant_2":2,"minecraft:spruce_leaves":7,"luminousworld:groundpebbles_3":2,"minecraft:large_fern":14,"minecraft:furnace":5,"minecraft:iron_ore":16,"minecraft:stripped_spruce_log":3,"luminousworld:mossbuds_3":16,"minecraft:vine":2,"minecraft:stone":203,"luminousworld:blueberrystage_0":1,"luminousworld:blueberrybush":2,"minecraft:powder_snow":26,"minecraft:crafting_table":4,"iceandfire:ghost_chest":1,"luminousworld:spuds":2,"minecraft:copper_ore":13,"minecraft:cobblestone":7,"minecraft:wall_torch":11,"minecraft:skeleton_skull":2,"minecraft:spruce_log":8,"minecraft:wither_rose":1,"minecraft:grass":2,"minecraft:oak_log":23,"minecraft:coal_ore":32,"minecraft:dirt":20,"luminousworld:grassvariant_3":3,"minecraft:cobweb":2,"minecraft:oak_leaves":19},"minecraft:broken":{"stalwart_dungeons:stone_hammer":1,"minecraft:stone_pickaxe":2},"minecraft:crafted":{"minecraft:smooth_stone":4,"minecraft:oak_planks":76,"minecraft:stone_shovel":1,"minecraft:furnace":2,"iceandfire:armor_copper_metal_leggings":1,"minecraft:stone":5,"iceandfire:armor_copper_metal_boots":1,"iceandfire:armor_copper_metal_helmet":1,"minecraft:leather":14,"minecraft:spruce_slab":36,"born_in_chaos_v1:fried_maggot":2,"minecraft:stone_pickaxe":2,"iceandfire:armor_copper_metal_chestplate":1,"minecraft:stone_hoe":1,"minecraft:oak_slab":18,"sophisticatedbackpacks:backpack":1,"luminousworld:cooked_bass":4,"minecraft:crafting_table":2,"minecraft:spruce_planks":20,"minecraft:wooden_pickaxe":1,"luminousworld:cooked_trout":4,"minecraft:cooked_salmon":1,"minecraft:copper_ingot":32,"minecraft:campfire":1,"minecraft:stone_axe":1,"minecraft:bread":1,"minecraft:air":0,"minecraft:charcoal":4,"minecraft:shield":1,"minecraft:stick":32,"quark:oak_chest":2,"minecraft:iron_ingot":15,"minecraft:iron_pickaxe":1,"stalwart_dungeons:stone_hammer":1,"minecraft:torch":40},"minecraft:dropped":{"minecraft:rotten_flesh":1,"supplementaries:ash":1,"minecraft:wooden_pickaxe":1},"minecraft:used":{"luminousworld:spuds":2,"iceandfire:armor_copper_metal_leggings":1,"minecraft:stone_shovel":40,"minecraft:shield":5,"minecraft:iron_sword":111,"born_in_chaos_v1:fried_maggot":2,"minecraft:cooked_salmon":1,"minecraft:stone_hoe":59,"minecraft:rotten_flesh":2,"minecraft:torch":35,"iceandfire:armor_copper_metal_boots":1,"minecraft:dirt":42,"born_in_chaos_v1:corpse_maggot":3,"luminousworld:blueberry":1,"minecraft:furnace":7,"minecraft:oak_sapling":2,"iceandfire:armor_copper_metal_helmet":1,"tombstone:gift":2,"minecraft:wheat_seeds":2,"minecraft:stone_pickaxe":263,"luminousworld:blackberry":1,"minecraft:wooden_pickaxe":38,"luminousworld:groundpebbles_1":4,"minecraft:crafting_table":6,"minecraft:campfire":1,"minecraft:spruce_log":3,"luminousworld:cooked_bass":4,"sophisticatedbackpacks:backpack":1,"minecraft:apple":1,"minecraft:bread":1,"minecraft:iron_pickaxe":5,"minecraft:spruce_sapling":1,"minecraft:stone_axe":76,"stalwart_dungeons:stone_hammer":69,"minecraft:cobblestone":176,"luminousworld:cooked_trout":4,"quark:oak_chest":1,"minecraft:experience_bottle":1},"minecraft:killed":{"born_in_chaos_v1:zombie_clown":1,"alexsmobs:lobster":2,"born_in_chaos_v1:skeleton_demoman":1,"enemyexpansion:equestrian":1,"minecraft:spider":1,"luminousworld:frost_bitten_skeleton":1,"undead_revamp2:thesmoker":1,"luminousworld:sunken_skeleton":1,"minecraft:cod":1,"enemyexpansion:direwolf":3,"born_in_chaos_v1:maggot":5,"minecraft:skeleton":1,"luminousworld:monarch":2,"luminousworld:bass_fish":4,"minecraft:drowned":2,"undead_revamp2:sucker":1,"enemyexpansion:goblin":1,"minecraft:salmon":1,"alexsmobs:seal":1,"luminousworld:trout_fish":4,"minecraft:creeper":1,"born_in_chaos_v1:decrepit_skeleton":2,"undead_revamp2:thebidyupside":1,"minecraft:zombie":3,"alexsmobs:terrapin":3,"born_in_chaos_v1:corpse_fly":2,"enemyexpansion:botfly":5,"luminousworld:zebra_longwing":1,"born_in_chaos_v1:door_knight":1,"minecraft:enderman":1,"enemyexpansion:wasp":3}},"DataVersion":3465}