{"stats":{"minecraft:picked_up":{"born_in_chaos_v1:corpse_maggot":1,"luminousworld:groundpebbles_1":2,"minecraft:crafting_table":1,"minecraft:wheat":4,"luminousworld:trout":3,"minecraft:oak_log":10,"minecraft:string":1,"minecraft:dirt":1,"born_in_chaos_v1:intoxicating_decoction":2,"minecraft:bone":1,"minecraft:iron_ingot":1,"minecraft:iron_sword":1,"minecraft:furnace":1,"luminousworld:bass_item":1,"minecraft:raw_iron":6,"minecraft:torch":7,"minecraft:spruce_sapling":1,"minecraft:mossy_cobblestone":3,"minecraft:arrow":2,"minecraft:rotten_flesh":11,"tombstone:magic_scroll":1,"minecraft:oak_sapling":8,"minecraft:coal":9,"iceandfire:raw_silver":4,"minecraft:cobblestone":188},"minecraft:mined":{"luminousworld:groundpebbles_1":2,"iceandfire:silver_ore":4,"minecraft:mossy_cobblestone":3,"minecraft:crafting_table":1,"minecraft:grass_block":1,"minecraft:cobblestone":6,"minecraft:wall_torch":7,"minecraft:furnace":1,"minecraft:iron_ore":6,"minecraft:oak_log":10,"minecraft:coal_ore":11,"minecraft:cobweb":1,"minecraft:stone":183,"minecraft:oak_leaves":6},"minecraft:custom":{"minecraft:interact_with_furnace":22,"minecraft:mob_kills":22,"minecraft:interact_with_crafting_table":11,"minecraft:damage_dealt_resisted":1008,"minecraft:leave_game":1,"minecraft:time_since_death":33240,"minecraft:time_since_rest":33240,"minecraft:sprint_one_cm":20388,"minecraft:damage_taken":175,"minecraft:walk_one_cm":109857,"minecraft:damage_blocked_by_shield":90,"minecraft:damage_dealt":2829,"minecraft:swim_one_cm":22127,"minecraft:fly_one_cm":22921,"minecraft:crouch_one_cm":4276,"minecraft:play_time":33240,"tombstone:undead_killed":7,"minecraft:sneak_time":1951,"minecraft:walk_under_water_one_cm":6663,"minecraft:jump":259,"minecraft:walk_on_water_one_cm":2339,"minecraft:total_world_time":33240,"minecraft:fall_one_cm":5076},"minecraft:crafted":{"minecraft:smooth_stone":4,"minecraft:oak_slab":6,"minecraft:oak_planks":24,"luminousworld:cooked_bass":1,"minecraft:crafting_table":1,"minecraft:wooden_pickaxe":1,"minecraft:furnace":1,"luminousworld:cooked_trout":3,"minecraft:stone":5,"minecraft:stone_axe":1,"minecraft:air":0,"minecraft:charcoal":4,"minecraft:shield":1,"minecraft:stick":16,"minecraft:iron_ingot":4,"minecraft:stone_pickaxe":2,"stalwart_dungeons:stone_hammer":1,"minecraft:torch":24},"minecraft:broken":{"minecraft:stone_pickaxe":1},"minecraft:used":{"minecraft:stone_pickaxe":191,"minecraft:wooden_pickaxe":21,"minecraft:shield":2,"minecraft:iron_sword":2,"minecraft:torch":23,"minecraft:dirt":1,"minecraft:crafting_table":2,"luminousworld:cooked_bass":1,"minecraft:stone_axe":27,"stalwart_dungeons:stone_hammer":55,"minecraft:cobblestone":6,"minecraft:furnace":2,"luminousworld:cooked_trout":3},"minecraft:killed":{"born_in_chaos_v1:zombie_clown":1,"undead_revamp2:thesmoker":1,"enemyexpansion:direwolf":3,"luminousworld:trout_fish":3,"born_in_chaos_v1:decrepit_skeleton":1,"born_in_chaos_v1:maggot":2,"minecraft:skeleton":1,"minecraft:zombie":2,"enemyexpansion:botfly":5,"luminousworld:bass_fish":1,"born_in_chaos_v1:door_knight":1,"enemyexpansion:wasp":1}},"DataVersion":3465}