{"stats":{"minecraft:picked_up":{"minecraft:raw_iron":18,"minecraft:crafting_table":5,"minecraft:salmon":9,"minecraft:leather":1,"luminousworld:raw_venison":2,"minecraft:oak_log":3,"tombstone:grave_key":2,"minecraft:grass_block":1,"minecraft:spruce_log":7,"alexsmobs:animal_dictionary":2,"minecraft:dirt":17,"luminousworld:whiteoaklog":11,"tombstone:gift":2,"minecraft:cooked_mutton":1,"minecraft:bone":1,"minecraft:rotten_flesh":2,"supplementaries:ash":1,"alexsmobs:flying_fish":4,"minecraft:mutton":1,"minecraft:white_wool":1,"minecraft:coal":127,"iceandfire:raw_silver":1,"minecraft:cobblestone":75,"minecraft:furnace":2},"minecraft:custom":{"minecraft:time_since_rest":39685,"minecraft:interact_with_furnace":12,"minecraft:sprint_one_cm":58816,"minecraft:damage_taken":220,"minecraft:walk_one_cm":76994,"minecraft:mob_kills":17,"minecraft:drop":3,"minecraft:damage_dealt":1265,"minecraft:player_kills":1,"minecraft:fly_one_cm":257412,"minecraft:swim_one_cm":22330,"minecraft:interact_with_crafting_table":8,"minecraft:crouch_one_cm":4116,"minecraft:play_time":56710,"tombstone:undead_killed":1,"minecraft:deaths":1,"minecraft:sneak_time":1552,"minecraft:walk_under_water_one_cm":21112,"minecraft:jump":1011,"minecraft:leave_game":2,"minecraft:time_since_death":39928,"minecraft:walk_on_water_one_cm":8121,"minecraft:total_world_time":56710,"minecraft:fall_one_cm":25380},"minecraft:mined":{"luminousworld:whiteoaklog":11,"minecraft:furnace":2,"iceandfire:silver_ore":1,"minecraft:iron_ore":18,"luminousworld:blue_petunias":1,"minecraft:spruce_log":7,"minecraft:powder_snow":4,"minecraft:crafting_table":5,"minecraft:grass":2,"minecraft:oak_log":1,"minecraft:grass_block":4,"minecraft:coal_ore":61,"luminousworld:spuds":1,"minecraft:dirt":5,"luminousworld:whiteoakleaves":4,"minecraft:stone":76},"minecraft:crafted":{"minecraft:iron_ingot":15,"minecraft:crafting_table":1,"minecraft:spruce_planks":28,"minecraft:stick":28,"minecraft:wooden_pickaxe":1,"minecraft:stone_pickaxe":2,"luminousworld:cooked_venison":2,"minecraft:furnace":2,"minecraft:cooked_salmon":2,"minecraft:stone_axe":1,"minecraft:air":0},"minecraft:broken":{"minecraft:stone_pickaxe":1},"minecraft:dropped":{"supplementaries:ash":1,"minecraft:wooden_pickaxe":1,"minecraft:bone":1},"minecraft:killed":{"minecraft:sheep":1,"luminousworld:deer":2,"minecraft:salmon":9,"born_in_chaos_v1:baby_skeleton":1,"alexsmobs:flying_fish":4},"minecraft:used":{"minecraft:oak_log":3,"minecraft:cooked_mutton":1,"minecraft:stone_pickaxe":131,"minecraft:cooked_salmon":1,"minecraft:wooden_pickaxe":36,"luminousworld:cooked_venison":1,"minecraft:stone_axe":53,"minecraft:dirt":9,"minecraft:crafting_table":6,"minecraft:furnace":3,"alexsmobs:animal_dictionary":1,"alexsmobs:flying_fish":4}},"DataVersion":3465}