{"stats":{"minecraft:picked_up":{"minecraft:crafting_table":9,"minecraft:water_bucket":2,"minecraft:salmon":9,"minecraft:leather":3,"luminousworld:raw_venison":2,"minecraft:oak_log":3,"tombstone:grave_key":2,"minecraft:dirt":27,"tombstone:gift":2,"minecraft:cooked_mutton":1,"minecraft:bone":1,"minecraft:stone_pickaxe":1,"minecraft:furnace":5,"minecraft:raw_iron":22,"minecraft:grass_block":1,"minecraft:white_bed":3,"minecraft:spruce_log":7,"minecraft:dark_oak_log":15,"alexsmobs:animal_dictionary":2,"luminousworld:whiteoaklog":11,"minecraft:rotten_flesh":3,"supplementaries:ash":1,"minecraft:white_wool":4,"alexsmobs:flying_fish":4,"minecraft:mutton":9,"minecraft:coal":243,"iceandfire:raw_silver":2,"minecraft:cobblestone":82},"minecraft:custom":{"minecraft:interact_with_furnace":33,"minecraft:mob_kills":22,"minecraft:interact_with_crafting_table":13,"minecraft:leave_game":7,"minecraft:time_since_death":18288,"minecraft:sleep_in_bed":4,"minecraft:time_since_rest":2463,"minecraft:sprint_one_cm":163095,"minecraft:damage_taken":866,"minecraft:walk_one_cm":142242,"minecraft:drop":6,"minecraft:damage_dealt":2040,"minecraft:swim_one_cm":53300,"minecraft:fly_one_cm":507465,"minecraft:player_kills":1,"minecraft:play_time":83214,"minecraft:crouch_one_cm":6465,"tombstone:undead_killed":2,"minecraft:deaths":2,"minecraft:sneak_time":2181,"minecraft:walk_under_water_one_cm":23799,"minecraft:jump":2106,"minecraft:walk_on_water_one_cm":12240,"minecraft:total_world_time":83214,"minecraft:fall_one_cm":59508},"minecraft:mined":{"minecraft:podzol":1,"minecraft:white_bed":3,"iceandfire:silver_ore":2,"luminousworld:blue_petunias":1,"minecraft:dark_oak_log":15,"minecraft:powder_snow":4,"minecraft:crafting_table":9,"minecraft:grass_block":8,"luminousworld:spuds":1,"luminousworld:grassvariant_2":2,"luminousworld:whiteoakleaves":4,"luminousworld:whiteoaklog":11,"minecraft:furnace":5,"minecraft:iron_ore":22,"minecraft:spruce_log":7,"minecraft:birch_leaves":1,"minecraft:grass":2,"minecraft:oak_log":1,"minecraft:coal_ore":88,"minecraft:dirt":10,"minecraft:stone":83,"minecraft:fern":1},"minecraft:crafted":{"minecraft:crafting_table":1,"minecraft:spruce_planks":28,"minecraft:wooden_pickaxe":1,"minecraft:furnace":2,"minecraft:cooked_salmon":9,"minecraft:bucket":1,"minecraft:stone_axe":2,"minecraft:air":0,"minecraft:iron_chestplate":1,"minecraft:stick":28,"minecraft:iron_ingot":22,"minecraft:stone_pickaxe":2,"minecraft:iron_leggings":1,"luminousworld:cooked_venison":2,"minecraft:white_bed":1,"minecraft:torch":64},"minecraft:broken":{"minecraft:stone_pickaxe":1,"minecraft:stone_axe":1},"minecraft:dropped":{"minecraft:water_bucket":2,"supplementaries:ash":1,"minecraft:wooden_pickaxe":1,"minecraft:stone_pickaxe":1,"minecraft:bone":1},"minecraft:killed":{"luminousworld:deer":3,"born_in_chaos_v1:baby_skeleton":1,"minecraft:salmon":9,"undead_revamp2:the_moonflower":1,"minecraft:sheep":4,"alexsmobs:flying_fish":4},"minecraft:used":{"minecraft:cooked_mutton":1,"minecraft:water_bucket":5,"minecraft:stone_pickaxe":174,"minecraft:wooden_pickaxe":36,"luminousworld:cooked_venison":1,"minecraft:cooked_salmon":8,"minecraft:torch":3,"minecraft:dirt":21,"minecraft:crafting_table":9,"minecraft:white_bed":3,"minecraft:oak_log":3,"alexsmobs:flying_fish":4,"minecraft:stone_axe":99,"minecraft:furnace":6,"minecraft:bucket":6,"alexsmobs:animal_dictionary":1},"minecraft:killed_by":{"iceandfire:ice_dragon":1}},"DataVersion":3465}