{"stats":{"minecraft:picked_up":{"tombstone:gift":2,"minecraft:oak_log":2,"tombstone:grave_key":2,"minecraft:rotten_flesh":2,"minecraft:grass_block":1,"alexsmobs:animal_dictionary":2,"minecraft:dirt":8},"minecraft:custom":{"minecraft:time_since_rest":3685,"minecraft:damage_dealt":24,"minecraft:leave_game":2,"minecraft:time_since_death":3928,"minecraft:crouch_one_cm":6,"minecraft:play_time":20710,"minecraft:sprint_one_cm":7196,"minecraft:walk_one_cm":11642,"minecraft:deaths":1,"minecraft:total_world_time":20710,"minecraft:sneak_time":112,"minecraft:fly_one_cm":103248,"minecraft:player_kills":1,"minecraft:jump":224},"minecraft:used":{"minecraft:oak_log":2,"minecraft:dirt":4}},"DataVersion":3465}