{"stats":{"minecraft:picked_up":{"minecraft:crafting_table":8,"minecraft:salmon":9,"minecraft:leather":1,"luminousworld:raw_venison":2,"minecraft:oak_log":3,"tombstone:grave_key":2,"minecraft:dirt":26,"tombstone:gift":2,"minecraft:cooked_mutton":1,"minecraft:bone":1,"minecraft:stone_pickaxe":1,"minecraft:furnace":3,"minecraft:raw_iron":22,"minecraft:spruce_log":7,"minecraft:white_bed":1,"minecraft:grass_block":1,"alexsmobs:animal_dictionary":2,"luminousworld:whiteoaklog":11,"minecraft:rotten_flesh":3,"supplementaries:ash":1,"minecraft:white_wool":4,"alexsmobs:flying_fish":4,"minecraft:mutton":5,"minecraft:coal":180,"iceandfire:raw_silver":2,"minecraft:cobblestone":82},"minecraft:custom":{"minecraft:interact_with_furnace":26,"minecraft:mob_kills":21,"minecraft:interact_with_crafting_table":12,"minecraft:leave_game":3,"minecraft:time_since_death":9273,"minecraft:sleep_in_bed":2,"minecraft:time_since_rest":6874,"minecraft:sprint_one_cm":127352,"minecraft:damage_taken":724,"minecraft:walk_one_cm":120069,"minecraft:drop":4,"minecraft:damage_dealt":1734,"minecraft:swim_one_cm":49144,"minecraft:fly_one_cm":417476,"minecraft:player_kills":1,"minecraft:crouch_one_cm":6268,"minecraft:play_time":74199,"tombstone:undead_killed":2,"minecraft:deaths":2,"minecraft:sneak_time":2137,"minecraft:walk_under_water_one_cm":22183,"minecraft:jump":1763,"minecraft:walk_on_water_one_cm":9795,"minecraft:total_world_time":74199,"minecraft:fall_one_cm":46793},"minecraft:mined":{"minecraft:podzol":1,"minecraft:white_bed":1,"iceandfire:silver_ore":2,"luminousworld:blue_petunias":1,"minecraft:powder_snow":4,"minecraft:crafting_table":8,"minecraft:grass_block":8,"luminousworld:spuds":1,"luminousworld:grassvariant_2":1,"luminousworld:whiteoakleaves":4,"luminousworld:whiteoaklog":11,"minecraft:furnace":3,"minecraft:iron_ore":22,"minecraft:spruce_log":7,"minecraft:birch_leaves":1,"minecraft:grass":2,"minecraft:oak_log":1,"minecraft:coal_ore":88,"minecraft:dirt":9,"minecraft:stone":83,"minecraft:fern":1},"minecraft:crafted":{"minecraft:crafting_table":1,"minecraft:spruce_planks":28,"minecraft:wooden_pickaxe":1,"minecraft:furnace":2,"minecraft:cooked_salmon":9,"minecraft:bucket":1,"minecraft:stone_axe":1,"minecraft:air":0,"minecraft:iron_chestplate":1,"minecraft:stick":28,"minecraft:iron_ingot":18,"minecraft:stone_pickaxe":2,"luminousworld:cooked_venison":2,"minecraft:iron_leggings":1,"minecraft:white_bed":1,"minecraft:torch":64},"minecraft:broken":{"minecraft:stone_pickaxe":1},"minecraft:dropped":{"supplementaries:ash":1,"minecraft:wooden_pickaxe":1,"minecraft:stone_pickaxe":1,"minecraft:bone":1},"minecraft:killed":{"luminousworld:deer":2,"born_in_chaos_v1:baby_skeleton":1,"minecraft:salmon":9,"undead_revamp2:the_moonflower":1,"minecraft:sheep":4,"alexsmobs:flying_fish":4},"minecraft:used":{"minecraft:cooked_mutton":1,"minecraft:stone_pickaxe":171,"minecraft:wooden_pickaxe":36,"luminousworld:cooked_venison":1,"minecraft:cooked_salmon":6,"minecraft:torch":3,"minecraft:dirt":16,"minecraft:crafting_table":8,"minecraft:white_bed":1,"minecraft:oak_log":3,"alexsmobs:flying_fish":4,"minecraft:stone_axe":73,"minecraft:furnace":4,"alexsmobs:animal_dictionary":1},"minecraft:killed_by":{"iceandfire:ice_dragon":1}},"DataVersion":3465}