{"stats":{"minecraft:picked_up":{"minecraft:raw_iron":3,"minecraft:crafting_table":3,"minecraft:oak_log":2,"tombstone:grave_key":2,"minecraft:grass_block":1,"minecraft:spruce_log":7,"alexsmobs:animal_dictionary":2,"minecraft:dirt":13,"luminousworld:whiteoaklog":11,"tombstone:gift":2,"minecraft:bone":1,"minecraft:rotten_flesh":2,"supplementaries:ash":1,"minecraft:coal":36,"iceandfire:raw_silver":1,"minecraft:cobblestone":57},"minecraft:custom":{"minecraft:time_since_rest":15685,"minecraft:sprint_one_cm":28451,"minecraft:damage_taken":80,"minecraft:walk_one_cm":40428,"minecraft:mob_kills":1,"minecraft:drop":3,"minecraft:damage_dealt":115,"minecraft:player_kills":1,"minecraft:fly_one_cm":150294,"minecraft:swim_one_cm":1082,"minecraft:interact_with_crafting_table":5,"minecraft:crouch_one_cm":3857,"minecraft:play_time":32710,"tombstone:undead_killed":1,"minecraft:deaths":1,"minecraft:sneak_time":1319,"minecraft:walk_under_water_one_cm":1264,"minecraft:jump":508,"minecraft:leave_game":2,"minecraft:time_since_death":15928,"minecraft:walk_on_water_one_cm":322,"minecraft:total_world_time":32710,"minecraft:fall_one_cm":8528},"minecraft:mined":{"luminousworld:whiteoaklog":11,"iceandfire:silver_ore":1,"minecraft:iron_ore":3,"minecraft:spruce_log":7,"minecraft:crafting_table":3,"minecraft:grass_block":2,"minecraft:coal_ore":37,"luminousworld:spuds":1,"minecraft:dirt":3,"luminousworld:whiteoakleaves":4,"minecraft:stone":58},"minecraft:crafted":{"minecraft:crafting_table":1,"minecraft:spruce_planks":28,"minecraft:stick":28,"minecraft:wooden_pickaxe":1,"minecraft:stone_pickaxe":1,"minecraft:stone_axe":1},"minecraft:dropped":{"supplementaries:ash":1,"minecraft:wooden_pickaxe":1,"minecraft:bone":1},"minecraft:killed":{"born_in_chaos_v1:baby_skeleton":1},"minecraft:used":{"minecraft:oak_log":2,"minecraft:stone_pickaxe":72,"minecraft:wooden_pickaxe":36,"minecraft:stone_axe":16,"minecraft:dirt":9,"minecraft:crafting_table":3,"alexsmobs:animal_dictionary":1}},"DataVersion":3465}