{"stats":{"minecraft:picked_up":{"minecraft:raw_iron":18,"minecraft:crafting_table":5,"minecraft:leather":1,"luminousworld:raw_venison":2,"minecraft:oak_log":3,"tombstone:grave_key":2,"minecraft:grass_block":1,"minecraft:spruce_log":7,"alexsmobs:animal_dictionary":2,"minecraft:dirt":15,"luminousworld:whiteoaklog":11,"tombstone:gift":2,"minecraft:cooked_mutton":1,"minecraft:bone":1,"minecraft:rotten_flesh":2,"supplementaries:ash":1,"minecraft:mutton":1,"minecraft:white_wool":1,"minecraft:coal":123,"iceandfire:raw_silver":1,"minecraft:cobblestone":75,"minecraft:furnace":2},"minecraft:custom":{"minecraft:time_since_rest":27685,"minecraft:interact_with_furnace":5,"minecraft:sprint_one_cm":57079,"minecraft:damage_taken":200,"minecraft:walk_one_cm":64651,"minecraft:mob_kills":4,"minecraft:drop":3,"minecraft:damage_dealt":755,"minecraft:player_kills":1,"minecraft:fly_one_cm":253605,"minecraft:swim_one_cm":1082,"minecraft:interact_with_crafting_table":7,"minecraft:crouch_one_cm":4116,"minecraft:play_time":44710,"tombstone:undead_killed":1,"minecraft:deaths":1,"minecraft:sneak_time":1464,"minecraft:walk_under_water_one_cm":1264,"minecraft:jump":932,"minecraft:leave_game":2,"minecraft:time_since_death":27928,"minecraft:walk_on_water_one_cm":322,"minecraft:total_world_time":44710,"minecraft:fall_one_cm":22802},"minecraft:mined":{"luminousworld:whiteoaklog":11,"minecraft:furnace":2,"iceandfire:silver_ore":1,"minecraft:iron_ore":18,"luminousworld:blue_petunias":1,"minecraft:spruce_log":7,"minecraft:powder_snow":4,"minecraft:crafting_table":5,"minecraft:grass":2,"minecraft:oak_log":1,"minecraft:grass_block":4,"minecraft:coal_ore":57,"luminousworld:spuds":1,"minecraft:dirt":3,"luminousworld:whiteoakleaves":4,"minecraft:stone":76},"minecraft:crafted":{"minecraft:crafting_table":1,"minecraft:spruce_planks":28,"minecraft:stick":28,"minecraft:wooden_pickaxe":1,"minecraft:stone_pickaxe":1,"luminousworld:cooked_venison":2,"minecraft:furnace":2,"minecraft:stone_axe":1,"minecraft:air":0},"minecraft:dropped":{"supplementaries:ash":1,"minecraft:wooden_pickaxe":1,"minecraft:bone":1},"minecraft:killed":{"minecraft:sheep":1,"luminousworld:deer":2,"born_in_chaos_v1:baby_skeleton":1},"minecraft:used":{"minecraft:oak_log":3,"minecraft:cooked_mutton":1,"minecraft:stone_pickaxe":127,"minecraft:wooden_pickaxe":36,"luminousworld:cooked_venison":1,"minecraft:stone_axe":38,"minecraft:dirt":9,"minecraft:crafting_table":5,"minecraft:furnace":2,"alexsmobs:animal_dictionary":1}},"DataVersion":3465}