{"stats":{"minecraft:picked_up":{"tombstone:grave_key":2,"minecraft:oak_log":2,"minecraft:grass_block":1,"minecraft:rotten_flesh":2,"minecraft:dirt":8,"alexsmobs:animal_dictionary":2,"tombstone:gift":2},"minecraft:custom":{"minecraft:jump":224,"minecraft:time_since_rest":2995,"minecraft:damage_dealt":24,"minecraft:crouch_one_cm":6,"minecraft:leave_game":2,"minecraft:play_time":20020,"minecraft:sprint_one_cm":7196,"minecraft:deaths":1,"minecraft:time_since_death":3238,"minecraft:walk_one_cm":11642,"minecraft:sneak_time":112,"minecraft:total_world_time":20020,"minecraft:player_kills":1,"minecraft:fly_one_cm":103248},"minecraft:used":{"minecraft:oak_log":2,"minecraft:dirt":4}},"DataVersion":3465}