{"stats":{"minecraft:mined":{"minecraft:grass_block":2},"minecraft:picked_up":{"minecraft:dirt":2},"minecraft:custom":{"minecraft:jump":38,"minecraft:time_since_rest":4883,"minecraft:walk_on_water_one_cm":564,"minecraft:sprint_one_cm":3831,"minecraft:leave_game":1,"minecraft:play_time":4883,"minecraft:damage_taken":25,"minecraft:time_since_death":4883,"minecraft:walk_one_cm":2912,"minecraft:sneak_time":8,"minecraft:total_world_time":4883,"minecraft:walk_under_water_one_cm":1463,"minecraft:swim_one_cm":3306,"minecraft:fall_one_cm":1105,"minecraft:fly_one_cm":7379},"minecraft:used":{"minecraft:dirt":2}},"DataVersion":3465}